peptide,subtype,cluster,is_noise
AAAAFEAAL,HLA_C_14_02,-1,True
AAAANTTAL,HLA_C_03_03,-1,True
AAAQGQAPL,HLA_C_14_02,-1,True
AAAVAYPEL,HLA_C_03_03,-1,True
AAAWYLWEV,HLA_A_02_01,-1,True
AAFQSSMTK,HLA_A_11_01,-1,True
AALDGTFQR,HLA_A_11_01,-1,True
AALFMYYAK,HLA_A_11_01,-1,True
AANMYIYPL,HLA_C_14_02,-1,True
AASYARYVL,HLA_C_14_02,-1,True
AATIRVLAL,HLA_C_03_03,-1,True
AAVDNAVVV,HLA_C_12_03,-1,True
AAVEDEEFW,HLA_B_53_01,-1,True
AAVKAGAAL,HLA_B_07_02,-1,True
AAVKAGASI,HLA_C_03_03,-1,True
AAYFVGYLK,HLA_A_03_01,-1,True
AAYFVGYLK,HLA_A_11_01,-1,True
AAYYFMKFR,HLA_A_31_01,-1,True
AFHHVAREL,HLA_C_14_02,-1,True
AIFASSMTK,HLA_A_11_01,-1,True
AIFQASMTK,HLA_A_03_01,-1,True
AIFQCSMTK,HLA_A_11_01,-1,True
AIFQSSATK,HLA_A_11_01,-1,True
AIFQSSMTK,HLA_A_03_01,-1,True
AIFQSSMTK,HLA_A_11_01,-1,True
AIFQSSMTY,HLA_A_11_01,0,False
AIIDYIAYM,HLA_C_14_02,-1,True
AIITPVVFY,HLA_A_11_01,-1,True
AIMATIQRK,HLA_A_03_01,-1,True
AIMATIQRK,HLA_A_11_01,-1,True
AIMQVFFGY,HLA_A_03_01,-1,True
AIMQVFFGY,HLA_A_11_01,-1,True
AINSVPWSK,HLA_A_11_01,-1,True
AINVLRGFR,HLA_A_31_01,-1,True
AIYKNTIAY,HLA_C_14_02,-1,True
ALAPSTMKI,HLA_A_68_02,0,False
ALATFTVNI,HLA_A_02_01,0,False
ALCTFLLNK,HLA_A_03_01,-1,True
ALCTFLLNK,HLA_A_11_01,-1,True
ALFAGDLYR,HLA_A_31_01,-1,True
ALFFIIFNK,HLA_A_11_01,-1,True
ALFMYYAKR,HLA_A_31_01,-1,True
ALFSGVSWI,HLA_A_02_01,0,False
ALIARCWYL,HLA_A_02_01,0,False
ALITVSGLY,HLA_B_15_01,0,False
ALKKLIIDR,HLA_A_31_01,-1,True
ALLAGFMAY,HLA_A_03_01,0,False
ALLAGFMAY,HLA_B_15_01,-1,True
ALLATSIFK,HLA_A_03_01,-1,True
ALLELFNAF,HLA_B_15_01,-1,True
ALLQQTWTL,HLA_A_02_01,0,False
ALMVIGMAM,HLA_B_15_01,0,False
ALNFPGSQK,HLA_A_03_01,-1,True
ALNFPGSQK,HLA_A_11_01,-1,True
ALNHLVLSL,HLA_A_02_01,0,False
ALPPRAFEL,HLA_C_07_02,-1,True
ALRGVAVGR,HLA_A_31_01,-1,True
ALRPSSQVF,HLA_B_15_01,-1,True
ALSPVLIPR,HLA_A_03_01,-1,True
ALWEIQQVV,HLA_A_02_01,-1,True
ALWIPDLFM,HLA_A_02_01,-1,True
ALYRRIQRR,HLA_A_31_01,-1,True
AMAAAAAPY,HLA_C_14_02,-1,True
AMAFHLSTR,HLA_A_31_01,-1,True
AMAFHLTTR,HLA_A_31_01,-1,True
AMALSIVSL,HLA_B_15_01,-1,True
AMIELCGAF,HLA_B_15_01,-1,True
AMLTAFFLR,HLA_A_11_01,-1,True
AMLTAFFLR,HLA_A_31_01,-1,True
AMMWRIAQL,HLA_C_14_02,-1,True
AMYAPYGPF,HLA_C_14_02,-1,True
APAAPTPAA,HLA_B_07_02,-1,True
APAMGMNAY,HLA_B_35_01,0,False
APATPAVVL,HLA_B_07_02,-1,True
APAWSRRTL,HLA_B_07_02,-1,True
APDPSRLAF,HLA_B_35_01,-1,True
APFMSDLQF,HLA_B_35_01,-1,True
APFMSDLQF,HLA_B_53_01,-1,True
APGFNTTPA,HLA_B_07_02,-1,True
APHHVVAVI,HLA_B_07_02,-1,True
APIEHIASM,HLA_B_07_02,-1,True
APIMFSNKM,HLA_B_07_02,-1,True
APINSATAM,HLA_C_14_02,-1,True
APITTTTTV,HLA_B_07_02,-1,True
APNPNRFVI,HLA_B_07_02,-1,True
APNPNRFVI,HLA_B_53_01,-1,True
APPPQRAAM,HLA_C_14_02,-1,True
APRTLVYLL,HLA_B_07_02,-1,True
APSESEGVL,HLA_B_07_02,-1,True
APSPYNSRF,HLA_B_07_02,-1,True
APVLRDIDL,HLA_B_07_02,-1,True
APYMVGDVI,HLA_B_51_01,-1,True
AQCFKMFYK,HLA_A_11_01,-1,True
AQCFKMFYK,HLA_A_31_01,-1,True
AQFLYLYAL,HLA_A_02_01,-1,True
AQGKPTLDF,HLA_B_15_01,-1,True
AQIGIFAPV,HLA_A_02_01,-1,True
AQMWQLMYF,HLA_B_15_01,-1,True
AQMWSLMYF,HLA_B_15_01,-1,True
AQMWTLMYF,HLA_B_15_01,-1,True
ARLSSPIVL,HLA_C_07_02,-1,True
ARWLASTPL,HLA_C_14_02,-1,True
ARWLFPVYL,HLA_C_06_02,-1,True
ARWMISSAL,HLA_C_14_02,-1,True
ASLKNTISK,HLA_A_03_01,-1,True
ASLKNTISK,HLA_A_11_01,-1,True
ASLPTTIAK,HLA_A_03_01,-1,True
ASLPTTIAK,HLA_A_11_01,-1,True
ASMDNTSPM,HLA_C_03_03,-1,True
ASMDNTSPM,HLA_C_14_02,-1,True
ASSEPHCAL,HLA_C_03_03,-1,True
ASTISWMMK,HLA_A_11_01,-1,True
ATAAARGPV,HLA_B_07_02,-1,True
ATAHSELAK,HLA_A_11_01,-1,True
ATAQNRRAL,HLA_C_14_02,-1,True
ATFSVPMEK,HLA_A_03_01,-1,True
ATFSVPMEK,HLA_A_11_01,-1,True
ATGFPFFDR,HLA_A_31_01,-1,True
ATKSEHTGR,HLA_A_31_01,-1,True
ATNNVFRLK,HLA_A_03_01,-1,True
ATNNVFRLK,HLA_A_11_01,-1,True
ATNNVFRLK,HLA_A_31_01,-1,True
ATPENAAAL,HLA_C_14_02,-1,True
ATSIYTIER,HLA_A_11_01,-1,True
ATSIYTIER,HLA_A_31_01,-1,True
ATSLDVINY,HLA_A_11_01,-1,True
ATSTRHPSK,HLA_A_03_01,-1,True
ATVGIMIGV,HLA_A_68_02,0,False
ATVVIGTSK,HLA_A_11_01,-1,True
ATYGWNLVK,HLA_A_03_01,-1,True
ATYGWNLVK,HLA_A_31_01,-1,True
ATYQRTRAL,HLA_C_06_02,-1,True
ATYQRTRAL,HLA_C_14_02,-1,True
AVAVHDFFK,HLA_A_03_01,-1,True
AVAVHDFFK,HLA_A_11_01,-1,True
AVAVHDFFK,HLA_A_31_01,-1,True
AVDLSHFLK,HLA_A_11_01,-1,True
AVDPAKAYK,HLA_A_31_01,-1,True
AVFIHNFKR,HLA_A_11_01,-1,True
AVFIHNFKR,HLA_A_31_01,-1,True
AVFKDSFLR,HLA_A_11_01,-1,True
AVFKDSFLR,HLA_A_31_01,-1,True
AVHDFFKFR,HLA_A_31_01,-1,True
AVLQSGFRK,HLA_A_03_01,-1,True
AVMDIISRK,HLA_A_03_01,-1,True
AVREATAAF,HLA_C_14_02,-1,True
AVSLIAIIK,HLA_A_11_01,-1,True
AVSMANIFR,HLA_A_31_01,-1,True
AVTALTIAY,HLA_B_35_01,0,False
AYFATPASV,HLA_C_14_02,-1,True
AYFLEAQEM,HLA_C_14_02,-1,True
AYPELACAV,HLA_C_14_02,-1,True
AYQQGVKTL,HLA_C_14_02,-1,True
AYSSWMYSY,HLA_C_07_02,-1,True
AYVTWIALM,HLA_C_14_02,-1,True
AYYWNQNGF,HLA_C_14_02,-1,True
CAMFWYHYI,HLA_A_68_02,0,False
CLFDRYFKY,HLA_A_03_01,-1,True
CLFDRYFKY,HLA_A_11_01,-1,True
CLIPTAMAF,HLA_B_15_01,0,False
CLIPTVMAF,HLA_B_15_01,0,False
CLRRRVTRK,HLA_A_03_01,-1,True
CMLTEFLHY,HLA_B_15_01,-1,True
CPAEIVDTV,HLA_B_51_01,-1,True
CPAEIVDTV,HLA_B_53_01,-1,True
CPAVAVHDF,HLA_B_51_01,0,False
CPAVAVHDF,HLA_B_53_01,-1,True
CPLERFAEL,HLA_B_51_01,-1,True
CPLVLDFII,HLA_B_51_01,-1,True
CPMCCSKIL,HLA_B_07_02,-1,True
CPMCCSKIL,HLA_B_51_01,-1,True
CPMCCSKIL,HLA_B_53_01,-1,True
CPNCYDSVM,HLA_B_35_01,-1,True
CPNCYDSVM,HLA_B_53_01,-1,True
CPNSYDSIM,HLA_B_53_01,-1,True
CPTQGEAIL,HLA_B_07_02,-1,True
CPTQGEATL,HLA_B_53_01,-1,True
CPTQGEPSL,HLA_B_53_01,-1,True
CPTQGEPYL,HLA_B_53_01,-1,True
CRRLNTKYL,HLA_C_06_02,-1,True
CSAVPSHWV,HLA_A_68_02,0,False
CTILAAVSV,HLA_A_68_02,-1,True
CTLPPLRFK,HLA_A_03_01,-1,True
CTLPPLRYR,HLA_A_31_01,-1,True
CVDHPFIYV,HLA_A_68_02,-1,True
CVMASSALL,HLA_A_68_02,-1,True
CVMASSVLL,HLA_A_68_02,-1,True
CVMYASALV,HLA_A_68_02,-1,True
DAMPGVLSY,HLA_B_35_01,-1,True
DAPLNIRSI,HLA_B_51_01,-1,True
DAVEDFLAF,HLA_B_35_01,-1,True
DAYPQRIKF,HLA_B_51_01,-1,True
DGLLRVLTV,HLA_B_51_01,-1,True
DGLRDLPSI,HLA_B_51_01,-1,True
DGRLVINRV,HLA_B_51_01,-1,True
DGYVVKETI,HLA_B_51_01,-1,True
DPIPYDPKF,HLA_B_53_01,-1,True
DPMVIENGI,HLA_B_51_01,-1,True
DPPIPYSRV,HLA_B_51_01,-1,True
DSMDVLAEK,HLA_A_11_01,-1,True
DTAWDFGSI,HLA_A_68_02,-1,True
DTAWDFGSL,HLA_A_68_02,0,False
DTAWDFGSV,HLA_A_68_02,-1,True
DTMRIYCSL,HLA_A_68_02,-1,True
DTMRPTTVV,HLA_A_68_02,-1,True
DTMSIYIAV,HLA_A_68_02,0,False
DVSRPTTAV,HLA_A_68_02,-1,True
EAAAATCAL,HLA_A_68_02,0,False
EAAAIFMTA,HLA_A_68_02,0,False
EAAGIFMTA,HLA_A_68_02,0,False
EAFPQSNAV,HLA_A_68_02,0,False
EAIMAVGMV,HLA_A_68_02,0,False
EAMDTISVF,HLA_B_35_01,-1,True
EATFIDVHI,HLA_A_68_02,-1,True
EAVEDERFW,HLA_B_53_01,-1,True
EAVEDGRFW,HLA_B_53_01,-1,True
EAVEDSRFW,HLA_B_53_01,-1,True
EAVNDSRFW,HLA_B_53_01,-1,True
EEISTSLSF,HLA_B_15_01,-1,True
EIARIENEM,HLA_A_68_02,-1,True
EIASLPTYL,HLA_A_68_02,0,False
EIFKHLVFF,HLA_B_15_01,0,False
EIIFLKLFK,HLA_A_11_01,-1,True
EIVAEYITY,HLA_B_35_01,-1,True
ELADKVTKL,HLA_A_68_02,-1,True
ELCGAFLFY,HLA_B_15_01,-1,True
ELMMATIGI,HLA_A_68_02,0,False
ELMMTTIGV,HLA_A_68_02,0,False
ELQAALARV,HLA_A_68_02,-1,True
ELSRLRYNL,HLA_A_68_02,-1,True
ELYSPLFLI,HLA_A_68_02,0,False
ELYVSSSYK,HLA_A_03_01,-1,True
EMILSTSSM,HLA_B_15_01,0,False
EMPPHIYAI,HLA_A_68_02,0,False
EPGPVTAQV,HLA_B_51_01,-1,True
EPGQLKLNW,HLA_B_53_01,-1,True
EPHWIAASI,HLA_B_51_01,0,False
EPIKDMEII,HLA_B_51_01,-1,True
EPIKDMEII,HLA_B_53_01,-1,True
EPINMFLFI,HLA_B_51_01,-1,True
EPIPYDPKF,HLA_B_53_01,-1,True
EPISILDRI,HLA_B_51_01,-1,True
EPISYDPKF,HLA_B_53_01,-1,True
EPLAVIASL,HLA_B_35_01,0,False
EPLSPDTCL,HLA_B_51_01,-1,True
EPNFSIPQI,HLA_B_51_01,-1,True
EPPFGDSYI,HLA_B_51_01,-1,True
EPSGNNYHI,HLA_B_53_01,-1,True
EQFWCGIPY,HLA_B_35_01,-1,True
EQKAYVPAM,HLA_B_15_01,-1,True
EQYKTESFF,HLA_B_15_01,-1,True
ESAEVEVYV,HLA_A_68_02,-1,True
ESHNQTFLI,HLA_A_68_02,0,False
ETAWDFGSV,HLA_A_68_02,-1,True
ETMYLTMKA,HLA_A_68_02,0,False
ETNMITLLV,HLA_A_68_02,-1,True
ETQGVTAEI,HLA_A_68_02,-1,True
ETQHGTTVV,HLA_A_68_02,-1,True
ETQHGTVLV,HLA_A_68_02,-1,True
ETVFIRYPS,HLA_A_68_02,-1,True
ETVSEQSNV,HLA_A_68_02,-1,True
ETWMSSEGA,HLA_A_68_02,-1,True
ETYQLWTAL,HLA_A_68_02,0,False
EVEDYGFGV,HLA_A_68_02,-1,True
EVIERINLL,HLA_A_68_02,0,False
EVIRATYPS,HLA_A_68_02,-1,True
EVKSLFNTV,HLA_A_68_02,-1,True
EVLRPTTLV,HLA_A_68_02,-1,True
EVNDTHYTV,HLA_A_68_02,0,False
EVRKAIEFV,HLA_A_68_02,-1,True
EVVDMLSTY,HLA_B_35_01,-1,True
FAAAFFPAV,HLA_A_68_02,0,False
FAADKDSLY,HLA_B_35_01,-1,True
FAAELTIGV,HLA_A_02_01,-1,True
FAAPHRGVA,HLA_C_12_03,-1,True
FAFCRITSF,HLA_C_03_03,-1,True
FAFCRITSF,HLA_C_12_03,-1,True
FAFHTVFHI,HLA_B_51_01,-1,True
FAFHTVFHI,HLA_C_12_03,-1,True
FAFKLSFAI,HLA_C_03_03,-1,True
FAFKLSFAI,HLA_C_12_03,-1,True
FAGDLYRMY,HLA_B_35_01,-1,True
FAHDDRYLY,HLA_B_35_01,-1,True
FAIVPPLQI,HLA_C_03_03,-1,True
FAKPAGTPM,HLA_C_03_03,-1,True
FAMTVPLLI,HLA_B_51_01,-1,True
FAMTVPLLI,HLA_C_06_02,-1,True
FANCNFTLV,HLA_A_68_02,-1,True
FANHNFTLV,HLA_A_68_02,-1,True
FANNEFTLV,HLA_A_68_02,-1,True
FANPLSNPF,HLA_B_15_01,-1,True
FANYNFTLL,HLA_A_68_02,-1,True
FANYNFTLV,HLA_A_02_01,0,False
FANYNFTLV,HLA_A_68_02,-1,True
FARQNNGAF,HLA_C_12_03,-1,True
FASASSYAI,HLA_B_35_01,0,False
FASASSYAI,HLA_C_03_03,-1,True
FASASSYAI,HLA_C_12_03,-1,True
FASEAARVV,HLA_B_51_01,-1,True
FASSRMSTY,HLA_B_35_01,-1,True
FASSRMSTY,HLA_C_12_03,-1,True
FATPAFFLI,HLA_C_03_03,-1,True
FATTPVCEY,HLA_B_35_01,0,False
FAVDAAKAY,HLA_B_15_01,-1,True
FAYKTGSSM,HLA_C_03_03,-1,True
FAYKTGSSM,HLA_C_06_02,-1,True
FAYKTGSSM,HLA_C_12_03,-1,True
FAYKTGSSM,HLA_C_14_02,-1,True
FFSPFFFSL,HLA_C_07_02,-1,True
FFSPVIASL,HLA_C_03_03,-1,True
FFVFIHMVR,HLA_A_03_01,-1,True
FFVFIHMVR,HLA_A_31_01,-1,True
FFYLKRVVL,HLA_C_12_03,-1,True
FGAAVSLLF,HLA_B_35_01,-1,True
FGMFTTNIW,HLA_B_53_01,-1,True
FGVFTTNIW,HLA_B_53_01,-1,True
FIADIGIGV,HLA_A_02_01,-1,True
FIAFLRFLA,HLA_A_68_02,-1,True
FIAGLIAIV,HLA_A_68_02,-1,True
FIFPASKVY,HLA_C_12_03,-1,True
FIFQSSMTK,HLA_A_11_01,-1,True
FIIDNFGSV,HLA_A_02_01,0,False
FIIDNFGSV,HLA_C_12_03,-1,True
FIIDNFGSV,HLA_C_14_02,-1,True
FIIKSSYVF,HLA_B_15_01,0,False
FIKDYRYTY,HLA_C_07_02,-1,True
FIKNPACTV,HLA_C_12_03,-1,True
FILGIIITV,HLA_A_02_01,-1,True
FINSTCYVF,HLA_B_15_01,0,False
FIRDCSVAL,HLA_C_12_03,-1,True
FIRYRMHPM,HLA_B_15_01,-1,True
FISNTVFRK,HLA_A_11_01,-1,True
FITDNVHTW,HLA_B_53_01,-1,True
FIYGYLEPV,HLA_C_12_03,-1,True
FLADYGWRL,HLA_C_03_03,-1,True
FLADYGWRL,HLA_C_12_03,-1,True
FLAFVVFLL,HLA_A_02_01,0,False
FLAHLQWFA,HLA_A_02_01,-1,True
FLAIKLYGV,HLA_A_02_01,-1,True
FLARAIVFV,HLA_A_68_02,0,False
FLDPHPYYV,HLA_C_12_03,-1,True
FLFFATSDV,HLA_A_02_01,-1,True
FLFMDRDAL,HLA_C_03_03,-1,True
FLFMDRDAL,HLA_C_12_03,-1,True
FLHNYILYA,HLA_A_02_01,0,False
FLHTTFIDV,HLA_A_02_01,-1,True
FLIAYQPLL,HLA_A_02_01,-1,True
FLIDLAFLI,HLA_A_02_01,-1,True
FLITGVFDI,HLA_A_02_01,-1,True
FLIVSLCPT,HLA_A_02_01,-1,True
FLIYLDVSV,HLA_A_02_01,-1,True
FLKDVMESM,HLA_C_12_03,-1,True
FLLDGGAPF,HLA_C_03_03,-1,True
FLLDYEGTL,HLA_C_03_03,-1,True
FLLENAAYL,HLA_C_07_02,-1,True
FLLENAAYL,HLA_C_12_03,-1,True
FLLLTSIPI,HLA_A_02_01,0,False
FLLPSLATV,HLA_A_02_01,0,False
FLLRHYYNK,HLA_A_03_01,-1,True
FLLSLVEFF,HLA_B_15_01,-1,True
FLMYPNNIF,HLA_C_03_03,-1,True
FLMYPNNIF,HLA_C_12_03,-1,True
FLNISWFYI,HLA_A_02_01,0,False
FLNISWFYI,HLA_A_68_02,0,False
FLNPVIYTF,HLA_C_12_03,-1,True
FLPDKAIDL,HLA_C_03_03,-1,True
FLRDNLYHV,HLA_C_12_03,-1,True
FLRDNRAVL,HLA_C_03_03,-1,True
FLRDNRAVL,HLA_C_12_03,-1,True
FLRKNQRAL,HLA_C_03_03,-1,True
FLRKNQRAL,HLA_C_12_03,-1,True
FLRKNQRAL,HLA_C_14_02,-1,True
FLRKRRRFF,HLA_C_12_03,-1,True
FLRNFRTTL,HLA_C_12_03,-1,True
FLRSIAMLK,HLA_A_03_01,-1,True
FLSDYGPQL,HLA_C_12_03,-1,True
FLSFASLFL,HLA_C_03_03,-1,True
FLSGKGLGK,HLA_A_03_01,-1,True
FLSHDFTLV,HLA_A_02_01,-1,True
FLSNGHVTI,HLA_A_02_01,-1,True
FLSRLVLYA,HLA_A_02_01,-1,True
FLSYISDTV,HLA_A_02_01,-1,True
FLTSVINRV,HLA_A_68_02,-1,True
FLVPFVVFL,HLA_A_02_01,-1,True
FLVPFVVFL,HLA_A_68_02,0,False
FLWEDQTLL,HLA_A_02_01,-1,True
FLWGPRALV,HLA_A_02_01,-1,True
FLWWGKWRK,HLA_A_03_01,-1,True
FLYDISISL,HLA_C_03_03,-1,True
FMAAFYRVM,HLA_C_12_03,-1,True
FMDGKQACV,HLA_A_02_01,-1,True
FMFDSDEAM,HLA_C_03_03,-1,True
FMFDSDEAM,HLA_C_12_03,-1,True
FMFDYIPPV,HLA_C_14_02,-1,True
FMNKHILSY,HLA_B_15_01,-1,True
FMPESSYLL,HLA_C_03_03,-1,True
FMRFFQLLR,HLA_A_31_01,-1,True
FMSMVSHEL,HLA_A_02_01,-1,True
FMYALSRAF,HLA_C_06_02,-1,True
FMYALSRAF,HLA_C_14_02,-1,True
FMYEGDTPL,HLA_C_07_02,-1,True
FMYEGDTPL,HLA_C_14_02,-1,True
FPAIFSAEV,HLA_B_51_01,-1,True
FPAIFSAEV,HLA_B_53_01,0,False
FPAPRAETL,HLA_B_07_02,-1,True
FPAPRAETL,HLA_B_35_01,-1,True
FPASFFIKL,HLA_B_07_02,-1,True
FPASFFIKL,HLA_B_51_01,-1,True
FPASFFIKL,HLA_B_53_01,-1,True
FPEQVSLLM,HLA_B_35_01,-1,True
FPFCLAFSY,HLA_B_35_01,0,False
FPFCLAFSY,HLA_B_51_01,0,False
FPFCLAFSY,HLA_B_53_01,0,False
FPFVLAAII,HLA_B_51_01,0,False
FPFVLAAII,HLA_B_53_01,-1,True
FPGCSFSIF,HLA_B_07_02,-1,True
FPGCSFSIF,HLA_B_35_01,0,False
FPGCSFSIF,HLA_B_51_01,0,False
FPGCSFSIF,HLA_B_53_01,-1,True
FPGDKTSYW,HLA_B_53_01,-1,True
FPGKTVWFV,HLA_B_53_01,-1,True
FPGLYGASI,HLA_B_51_01,-1,True
FPGLYGASI,HLA_B_53_01,0,False
FPHCLAFSI,HLA_B_51_01,-1,True
FPHCLAFSI,HLA_B_53_01,0,False
FPHCLAFSY,HLA_B_35_01,0,False
FPHCLAFSY,HLA_B_51_01,0,False
FPHCLAFSY,HLA_B_53_01,0,False
FPIGKLTLL,HLA_B_07_02,-1,True
FPIGKLTLL,HLA_B_51_01,-1,True
FPIKRISAV,HLA_B_35_01,-1,True
FPIKRISAV,HLA_B_51_01,-1,True
FPIPSSWAF,HLA_B_35_01,-1,True
FPIPSSWAF,HLA_B_51_01,-1,True
FPIPSSWAF,HLA_B_53_01,0,False
FPISHLYIL,HLA_B_07_02,-1,True
FPISHLYIL,HLA_B_35_01,0,False
FPISHLYIL,HLA_B_51_01,0,False
FPISHLYIL,HLA_B_53_01,0,False
FPISPIETV,HLA_B_51_01,-1,True
FPKAGLLII,HLA_B_51_01,-1,True
FPKAGLLII,HLA_B_53_01,-1,True
FPKNDFVSF,HLA_B_15_01,-1,True
FPMAVKLFI,HLA_B_07_02,-1,True
FPMAVKLFI,HLA_B_51_01,-1,True
FPNEVGARI,HLA_B_51_01,-1,True
FPNITLKII,HLA_B_51_01,-1,True
FPNITLKII,HLA_B_53_01,-1,True
FPPEGVSIW,HLA_B_51_01,-1,True
FPPEGVSIW,HLA_B_53_01,0,False
FPPEIINVI,HLA_B_51_01,-1,True
FPPTSFGPL,HLA_B_51_01,0,False
FPQSNAPIM,HLA_B_07_02,-1,True
FPQSNAPIM,HLA_B_53_01,-1,True
FPQSNAPIQ,HLA_B_53_01,-1,True
FPRDPVSTF,HLA_B_35_01,-1,True
FPREGVFVF,HLA_B_07_02,-1,True
FPREGVFVF,HLA_B_35_01,-1,True
FPREGVFVF,HLA_B_51_01,-1,True
FPREGVFVF,HLA_B_53_01,-1,True
FPRFKFVWV,HLA_B_51_01,-1,True
FPRGQGVPI,HLA_B_07_02,-1,True
FPRGQGVPI,HLA_B_51_01,-1,True
FPSIFSTEV,HLA_B_51_01,-1,True
FPSIFSTEV,HLA_B_53_01,-1,True
FPSNMMVVT,HLA_B_35_01,-1,True
FPSTQRDYY,HLA_B_35_01,-1,True
FPSTQRDYY,HLA_B_53_01,-1,True
FPVAMLSCL,HLA_B_07_02,-1,True
FPVAMLSCL,HLA_B_35_01,-1,True
FPVAMLSCL,HLA_B_51_01,-1,True
FPVRPQVPF,HLA_B_07_02,-1,True
FPVRPQVPF,HLA_B_53_01,0,False
FPVRPQVPI,HLA_B_07_02,-1,True
FPVRPQVPI,HLA_B_51_01,0,False
FPVRPQVPI,HLA_B_53_01,-1,True
FPVRPQVPL,HLA_B_07_02,-1,True
FPVRPQVPM,HLA_B_07_02,-1,True
FPVRPQVPM,HLA_B_53_01,0,False
FPVRPQVPV,HLA_B_51_01,-1,True
FPVRPQVPW,HLA_B_53_01,-1,True
FPVSIPITA,HLA_B_35_01,0,False
FPWDILFPA,HLA_B_35_01,-1,True
FPWDMLFPA,HLA_B_35_01,-1,True
FPYEGGKVF,HLA_C_14_02,-1,True
FPYLVAYQA,HLA_B_51_01,0,False
FPYSIPATL,HLA_B_07_02,-1,True
FPYSIPATL,HLA_B_35_01,0,False
FPYSIPATL,HLA_B_51_01,0,False
FPYSIPATL,HLA_B_53_01,0,False
FPYTGDPPY,HLA_B_35_01,-1,True
FQILHDRFF,HLA_C_06_02,-1,True
FQLYPPQIL,HLA_C_03_03,-1,True
FQMDYSLEY,HLA_C_03_03,-1,True
FQMDYSLEY,HLA_C_07_02,-1,True
FQMGGIGPM,HLA_C_07_02,-1,True
FQMGGIGPM,HLA_C_14_02,-1,True
FQPQNGQYI,HLA_C_06_02,-1,True
FQRAIMNAM,HLA_C_12_03,-1,True
FQWWRSHPL,HLA_A_02_01,-1,True
FQWWRSHPL,HLA_C_14_02,-1,True
FRAPNTREL,HLA_C_06_02,-1,True
FRAPNTREL,HLA_C_07_02,-1,True
FRHSVVVPY,HLA_C_07_02,-1,True
FRKAQIQGL,HLA_C_06_02,-1,True
FRKKRLTIM,HLA_C_06_02,-1,True
FRKKRLTIM,HLA_C_07_02,-1,True
FRLMRTNFL,HLA_C_06_02,-1,True
FRMLAWHVL,HLA_C_06_02,-1,True
FRMLAWHVL,HLA_C_07_02,-1,True
FRMTENVPL,HLA_C_07_02,-1,True
FRRFTQAIY,HLA_C_07_02,-1,True
FRRVAHSSL,HLA_C_07_02,-1,True
FRYEFTAPF,HLA_C_14_02,-1,True
FRYKSRCYV,HLA_C_06_02,-1,True
FRYMNSQGL,HLA_C_06_02,-1,True
FSAVISGSV,HLA_A_68_02,-1,True
FSFGGFTFK,HLA_A_03_01,-1,True
FSFGGFTFK,HLA_A_31_01,-1,True
FSFKKCLVY,HLA_B_15_01,-1,True
FSIPVTFSY,HLA_B_35_01,0,False
FSIYSVSCF,HLA_B_15_01,0,False
FSLPSSSSY,HLA_B_35_01,-1,True
FSLPSSSSY,HLA_C_03_03,-1,True
FSLPSSSSY,HLA_C_12_03,-1,True
FSVQRNLPF,HLA_C_03_03,-1,True
FSWTITDAV,HLA_A_68_02,-1,True
FSYDLRLNK,HLA_A_11_01,-1,True
FTAKINEMV,HLA_A_68_02,-1,True
FTASLFLHL,HLA_A_68_02,-1,True
FTAYYLILA,HLA_A_68_02,-1,True
FTEGKINPL,HLA_A_68_02,-1,True
FTFDNSKFV,HLA_C_06_02,-1,True
FTFDNSKFV,HLA_C_12_03,-1,True
FTIAMWLLL,HLA_A_02_01,0,False
FTIAMWLLL,HLA_A_68_02,-1,True
FTIGNMFSL,HLA_C_03_03,-1,True
FTIMAAILA,HLA_A_68_02,0,False
FTIRDVLAY,HLA_B_35_01,-1,True
FTLIDIWFL,HLA_A_02_01,-1,True
FTMRLLSPV,HLA_A_68_02,-1,True
FTMRLLSPV,HLA_C_14_02,-1,True
FTNDVSFLA,HLA_A_68_02,-1,True
FTNPLFYHK,HLA_A_31_01,-1,True
FTNSQIFNI,HLA_A_68_02,-1,True
FTRDTGATL,HLA_C_12_03,-1,True
FTRMVVAAL,HLA_C_12_03,-1,True
FTSDYPFYV,HLA_A_68_02,-1,True
FTSSFYNYV,HLA_A_02_01,-1,True
FTSSFYNYV,HLA_C_06_02,-1,True
FTSSFYNYV,HLA_C_12_03,-1,True
FTWQHNYYL,HLA_A_68_02,-1,True
FTWQHNYYL,HLA_C_12_03,-1,True
FTWSGDVRY,HLA_B_35_01,-1,True
FVAAGAFHM,HLA_B_35_01,0,False
FVAATGRPL,HLA_C_03_03,-1,True
FVAATGRPL,HLA_C_12_03,-1,True
FVADSTPLY,HLA_B_35_01,0,False
FVADYLARF,HLA_B_35_01,-1,True
FVANFSMEL,HLA_A_68_02,-1,True
FVANFSMEL,HLA_C_03_03,-1,True
FVASFRLFA,HLA_A_68_02,0,False
FVDEFYAYL,HLA_A_02_01,-1,True
FVDTMSIYI,HLA_A_02_01,-1,True
FVFAPTHGL,HLA_A_02_01,-1,True
FVFAPTHGL,HLA_C_12_03,-1,True
FVFAPTHGL,HLA_C_14_02,-1,True
FVFAWFNGV,HLA_A_02_01,-1,True
FVFDRPLPV,HLA_A_68_02,-1,True
FVFEATKLY,HLA_B_35_01,-1,True
FVFEATKLY,HLA_C_12_03,-1,True
FVFGIPLLV,HLA_C_12_03,-1,True
FVFSTSFYL,HLA_A_68_02,-1,True
FVGKTVWFV,HLA_A_68_02,-1,True
FVHDSVQYF,HLA_B_35_01,-1,True
FVHDSVQYF,HLA_C_06_02,-1,True
FVHFVEALA,HLA_A_68_02,-1,True
FVHSGFIYF,HLA_B_35_01,0,False
FVHSGFIYF,HLA_C_03_03,-1,True
FVIDNVHTW,HLA_B_53_01,-1,True
FVIFACNFV,HLA_A_68_02,-1,True
FVMPIFEQI,HLA_A_68_02,-1,True
FVMPIFEQI,HLA_C_12_03,-1,True
FVMSCKLLY,HLA_B_35_01,-1,True
FVNFVKDMI,HLA_A_68_02,-1,True
FVNRYGVAY,HLA_B_35_01,0,False
FVNYNFTLV,HLA_A_02_01,0,False
FVNYNFTLV,HLA_A_68_02,-1,True
FVRQCFNPM,HLA_C_12_03,-1,True
FVRQCFNPM,HLA_C_14_02,-1,True
FVTNEVHTW,HLA_B_53_01,-1,True
FVVDNVHTW,HLA_B_53_01,-1,True
FVVDTTPPL,HLA_A_02_01,-1,True
FVVDTTPPL,HLA_B_35_01,0,False
FVVDTTPPL,HLA_C_03_03,-1,True
FVVDTTPPL,HLA_C_12_03,-1,True
FVYVPELSF,HLA_B_15_01,-1,True
FYFNWNTPI,HLA_C_06_02,-1,True
FYFNWNTPI,HLA_C_14_02,-1,True
FYLPNIVDY,HLA_C_07_02,-1,True
FYNIPPMPL,HLA_C_03_03,-1,True
FYNIPPMPL,HLA_C_07_02,-1,True
FYRNISDPL,HLA_C_07_02,-1,True
GALDVSASV,HLA_A_68_02,-1,True
GALHLYFDK,HLA_A_11_01,-1,True
GATTETPTW,HLA_B_53_01,-1,True
GIFQSSMTK,HLA_A_03_01,-1,True
GIFQSSMTK,HLA_A_11_01,-1,True
GIGTFLHYK,HLA_A_03_01,-1,True
GIGTFLHYK,HLA_A_11_01,-1,True
GINDRNFWR,HLA_A_31_01,-1,True
GINKRSTPF,HLA_B_15_01,-1,True
GIYGAVIPL,HLA_A_02_01,0,False
GLADAFILL,HLA_A_02_01,-1,True
GLADQLIHL,HLA_A_02_01,-1,True
GLFQLIFFL,HLA_A_02_01,-1,True
GLIPQWVTL,HLA_A_02_01,-1,True
GLITLSYHL,HLA_A_02_01,-1,True
GLLDRLYDL,HLA_A_02_01,-1,True
GLLQFIVFL,HLA_A_02_01,0,False
GLLRVISGV,HLA_A_02_01,-1,True
GLVSFNFLV,HLA_A_02_01,-1,True
GLYCYFTHL,HLA_B_15_01,-1,True
GLYSLPHDL,HLA_A_02_01,-1,True
GMANTTFHV,HLA_A_02_01,0,False
GMGEAAAIF,HLA_B_15_01,-1,True
GMMRWCMPV,HLA_A_02_01,-1,True
GMMRWCMPV,HLA_C_14_02,-1,True
GPGEVSAAM,HLA_B_35_01,-1,True
GPHETITAL,HLA_B_07_02,-1,True
GPLKLFMAL,HLA_B_07_02,-1,True
GPLRLFMAL,HLA_B_07_02,-1,True
GPLRMVLAF,HLA_B_07_02,-1,True
GPMKLVMAF,HLA_B_07_02,-1,True
GPMKLVMAF,HLA_B_53_01,0,False
GPMVAGGLL,HLA_B_07_02,-1,True
GPRLGVRAT,HLA_B_07_02,-1,True
GPSLRTTTV,HLA_B_07_02,-1,True
GPSPSSEAL,HLA_B_07_02,-1,True
GQGPMKLVM,HLA_B_15_01,-1,True
GRINYYWTL,HLA_C_07_02,-1,True
GRYYVLQFV,HLA_C_06_02,-1,True
GSTHVSWPK,HLA_A_11_01,-1,True
GSWATSSFR,HLA_A_31_01,-1,True
GSYFSGFYK,HLA_A_31_01,-1,True
GTAPPPLTR,HLA_A_31_01,-1,True
GTATLRLVK,HLA_A_03_01,-1,True
GTATLRLVK,HLA_A_11_01,-1,True
GTFGPVHFR,HLA_A_31_01,-1,True
GTGLWTHDK,HLA_A_11_01,-1,True
GTHPFSRIR,HLA_A_31_01,-1,True
GTHVLLPFY,HLA_A_03_01,-1,True
GTHVLLPFY,HLA_A_11_01,-1,True
GTIKESLLK,HLA_A_11_01,-1,True
GTKAWVMNR,HLA_A_31_01,-1,True
GTMYILLKK,HLA_A_03_01,-1,True
GTMYILLKK,HLA_A_11_01,-1,True
GTSNWTGNY,HLA_A_11_01,-1,True
GTSWFITQR,HLA_A_11_01,-1,True
GTTSLFLHL,HLA_A_68_02,0,False
GVAMPNLYK,HLA_A_03_01,-1,True
GVAMPNLYK,HLA_A_11_01,-1,True
GVFHTMWHV,HLA_A_68_02,-1,True
GVFYRPLHF,HLA_B_15_01,-1,True
GVIADYNYK,HLA_A_11_01,-1,True
GVIRSIFAR,HLA_A_11_01,-1,True
GVIRSIFAR,HLA_A_31_01,-1,True
GVSENIFLK,HLA_A_11_01,-1,True
GVYPSFMSR,HLA_A_31_01,-1,True
GVYSVFYLY,HLA_A_11_01,-1,True
HAATNFREI,HLA_C_12_03,-1,True
HAEQGLIQY,HLA_B_35_01,-1,True
HAFLCLFLL,HLA_A_68_02,-1,True
HAGAKSFYK,HLA_A_11_01,-1,True
HAPWTQMAM,HLA_C_03_03,-1,True
HFFESLYAR,HLA_A_31_01,-1,True
HIIDSFNIR,HLA_A_31_01,-1,True
HINKLFSVF,HLA_B_15_01,0,False
HINTLIQYR,HLA_A_31_01,-1,True
HIRLHQQAL,HLA_B_07_02,-1,True
HLAIMAVFK,HLA_A_03_01,-1,True
HLFGYSWYK,HLA_A_03_01,-1,True
HLFGYSWYK,HLA_A_11_01,-1,True
HLKVALYRR,HLA_A_31_01,-1,True
HLMGWDYPK,HLA_A_03_01,-1,True
HLMGWDYPK,HLA_A_11_01,-1,True
HLMGWDYPK,HLA_A_31_01,-1,True
HLNIPIGFK,HLA_A_03_01,-1,True
HLNIPIGFK,HLA_A_11_01,-1,True
HLVDFQVTI,HLA_A_68_02,-1,True
HLYLQYIRK,HLA_A_03_01,-1,True
HMAYSFQTF,HLA_B_15_01,-1,True
HNFRAPAPV,HLA_A_68_02,-1,True
HPALVFDIT,HLA_B_35_01,-1,True
HPASAWTLY,HLA_B_35_01,-1,True
HPASAWTLY,HLA_B_53_01,0,False
HPASRLFPF,HLA_B_35_01,-1,True
HPDMDSLMI,HLA_B_53_01,-1,True
HPGFTILAL,HLA_B_07_02,-1,True
HPGFTILAL,HLA_B_53_01,0,False
HPGFTIMAA,HLA_B_07_02,-1,True
HPGFTLMAA,HLA_B_07_02,-1,True
HPGFTVIAL,HLA_B_07_02,-1,True
HPGFTVIAL,HLA_B_35_01,0,False
HPGFTVIAL,HLA_B_53_01,0,False
HPIMYYTKF,HLA_B_53_01,-1,True
HPLARTAKV,HLA_B_51_01,-1,True
HPLHHPLSI,HLA_B_07_02,-1,True
HPLHHPLSI,HLA_B_51_01,0,False
HPLSHFVNL,HLA_B_51_01,0,False
HPLSHFVNL,HLA_B_53_01,-1,True
HPRHYATIM,HLA_B_07_02,-1,True
HPRHYATVM,HLA_B_07_02,-1,True
HPTTTYKAF,HLA_B_35_01,-1,True
HPYKIPATV,HLA_B_51_01,-1,True
HRMNKILHY,HLA_C_07_02,-1,True
HRYLIRQSM,HLA_C_06_02,-1,True
HSAARRLFH,HLA_A_03_01,-1,True
HSEEGSRAY,HLA_B_35_01,-1,True
HSNLNDATY,HLA_B_35_01,-1,True
HSNLNDTTY,HLA_B_35_01,-1,True
HSNLTETFR,HLA_A_31_01,-1,True
HTWQKQTQR,HLA_A_31_01,-1,True
HVCYFSHPY,HLA_B_35_01,-1,True
HVKITDFGR,HLA_A_31_01,-1,True
HVSRPTTVV,HLA_A_68_02,0,False
HYNAFHWAI,HLA_C_07_02,-1,True
HYNAFQWAI,HLA_C_07_02,-1,True
HYRPYHYYH,HLA_C_07_02,-1,True
IAANEMGLI,HLA_B_51_01,-1,True
IAAPNMIAV,HLA_C_03_03,-1,True
IAAPNMIAV,HLA_C_12_03,-1,True
IAASIILEF,HLA_B_53_01,-1,True
IAFLRFLAI,HLA_B_51_01,-1,True
IAFTRLFTV,HLA_C_12_03,-1,True
IALDLVTEI,HLA_B_51_01,-1,True
IALFLAHAI,HLA_B_51_01,-1,True
IAMESIVIW,HLA_C_12_03,-1,True
IAMTDTTPF,HLA_B_15_01,-1,True
IAMTDTTPF,HLA_B_35_01,-1,True
IASAIVLEF,HLA_B_53_01,-1,True
IASPILFPF,HLA_C_03_03,-1,True
IATATWFQY,HLA_B_35_01,0,False
IAVASGLLW,HLA_B_53_01,-1,True
IAVSVYGAI,HLA_A_68_02,-1,True
IAYESSNKI,HLA_B_51_01,-1,True
IAYESSNKI,HLA_C_12_03,-1,True
IIAARNIVR,HLA_A_31_01,-1,True
IIFLKLFKK,HLA_A_03_01,-1,True
IIFLKLFKK,HLA_A_11_01,-1,True
IIFLKLFKK,HLA_A_31_01,-1,True
IIGPMFSGK,HLA_A_03_01,-1,True
IIGPMFSGK,HLA_A_11_01,-1,True
IIIPFIAYF,HLA_B_15_01,-1,True
IILAALFMY,HLA_A_11_01,0,False
IIMRRFFYF,HLA_A_31_01,-1,True
IINFTISMR,HLA_A_31_01,-1,True
IIPFIAYFV,HLA_A_68_02,-1,True
IISSSTLYF,HLA_B_15_01,0,False
IISYIILFI,HLA_A_68_02,-1,True
IITPVVFYR,HLA_A_11_01,-1,True
IITPVVFYR,HLA_A_31_01,-1,True
IIVAGFSGK,HLA_A_03_01,-1,True
IIYERDFSY,HLA_A_11_01,-1,True
IIYERDFSY,HLA_B_35_01,-1,True
IIYPTPKVV,HLA_B_51_01,-1,True
ILAALFMYY,HLA_A_03_01,-1,True
ILAALFMYY,HLA_A_11_01,-1,True
ILAAWLAPR,HLA_A_31_01,-1,True
ILARRPTPK,HLA_A_03_01,-1,True
ILARWGSFK,HLA_A_03_01,-1,True
ILARWSSFK,HLA_A_03_01,-1,True
ILDSFDPLV,HLA_A_02_01,-1,True
ILFDRLPIA,HLA_A_02_01,-1,True
ILFLWSFLV,HLA_A_02_01,-1,True
ILGGVLHTK,HLA_A_03_01,-1,True
ILIEGIFFA,HLA_A_02_01,-1,True
ILIEGIFFV,HLA_A_02_01,-1,True
ILIEGVFFA,HLA_A_02_01,-1,True
ILIFLRNFR,HLA_A_31_01,-1,True
ILKKLSPYF,HLA_B_15_01,-1,True
ILKKLSSIK,HLA_A_03_01,-1,True
ILKRWGQLK,HLA_A_03_01,-1,True
ILLKMVTHF,HLA_B_15_01,-1,True
ILQLIRHGR,HLA_A_31_01,-1,True
ILQYDLWNV,HLA_A_02_01,-1,True
ILRHPGFTL,HLA_B_07_02,-1,True
ILRNPGFAL,HLA_B_07_02,-1,True
ILRNPGFAL,HLA_C_03_03,-1,True
ILRNPGYAL,HLA_C_03_03,-1,True
ILSCIFAFI,HLA_A_68_02,-1,True
ILSDENYLL,HLA_A_02_01,-1,True
ILSFPYLFK,HLA_A_03_01,-1,True
ILSFPYLFK,HLA_A_11_01,-1,True
ILSKIPYLR,HLA_A_31_01,-1,True
ILTGLNYEV,HLA_A_02_01,-1,True
ILTLANWCL,HLA_A_02_01,-1,True
ILYDNVVTL,HLA_A_02_01,-1,True
IMFEQYFIY,HLA_A_03_01,-1,True
IMKSVGTGK,HLA_A_03_01,-1,True
IMLKANFSV,HLA_A_02_01,0,False
IMPARFYPK,HLA_A_11_01,-1,True
IMYDHLPGF,HLA_C_12_03,-1,True
IMYNYPAML,HLA_C_03_03,-1,True
IMYPSPNGH,HLA_A_03_01,-1,True
IPATLFVWY,HLA_B_35_01,0,False
IPATLFVWY,HLA_B_53_01,0,False
IPELKHGLL,HLA_B_07_02,-1,True
IPFLTKFKL,HLA_B_51_01,-1,True
IPFNVVSAM,HLA_B_07_02,-1,True
IPFNVVSAM,HLA_B_35_01,0,False
IPFNVVSAM,HLA_B_51_01,0,False
IPFNVVSAM,HLA_B_53_01,0,False
IPFNVVTAM,HLA_B_07_02,-1,True
IPFNVVTAM,HLA_B_35_01,0,False
IPFNVVTAM,HLA_B_53_01,0,False
IPGDILSII,HLA_B_51_01,-1,True
IPGDILSII,HLA_B_53_01,-1,True
IPHDLMEFI,HLA_B_51_01,-1,True
IPHDLMEFI,HLA_B_53_01,-1,True
IPHDLMELI,HLA_B_51_01,-1,True
IPHDLMELI,HLA_B_53_01,-1,True
IPIPSSWAF,HLA_B_35_01,0,False
IPIPSSWAF,HLA_B_51_01,0,False
IPIPSSWAF,HLA_B_53_01,0,False
IPIPSSWAI,HLA_B_51_01,-1,True
IPIPSSWAI,HLA_B_53_01,0,False
IPITAAAWY,HLA_B_35_01,0,False
IPITAAAWY,HLA_B_53_01,-1,True
IPKAYAGPF,HLA_B_07_02,-1,True
IPKIYGGPI,HLA_B_07_02,-1,True
IPKNFAGPV,HLA_B_07_02,-1,True
IPKSLAGPI,HLA_B_07_02,-1,True
IPKSLAGPI,HLA_B_51_01,-1,True
IPKSYAGPF,HLA_B_07_02,-1,True
IPLCRTSCL,HLA_B_07_02,-1,True
IPLQASLPF,HLA_B_07_02,-1,True
IPLQASLPF,HLA_B_51_01,0,False
IPLSILLTL,HLA_B_35_01,0,False
IPMVTQIAM,HLA_B_07_02,-1,True
IPMVTQIAM,HLA_B_35_01,-1,True
IPMVTQIAM,HLA_B_53_01,0,False
IPMVTQLAM,HLA_B_07_02,-1,True
IPMVTQLAM,HLA_B_35_01,0,False
IPMVTQLAM,HLA_B_53_01,0,False
IPMVTQMAM,HLA_B_07_02,-1,True
IPMVTQMAM,HLA_B_35_01,0,False
IPMVTQMAM,HLA_B_51_01,-1,True
IPMVTQMAM,HLA_B_53_01,0,False
IPNDFKELV,HLA_B_51_01,-1,True
IPQFRTLVI,HLA_B_51_01,-1,True
IPRRNVATL,HLA_B_07_02,-1,True
IPSTVKTNL,HLA_B_07_02,-1,True
IPSTVKTNL,HLA_B_53_01,-1,True
IPSYKKLIM,HLA_B_07_02,-1,True
IPSYKKLIM,HLA_B_51_01,-1,True
IPTAMAFHL,HLA_B_53_01,0,False
IPTFLQEAL,HLA_B_35_01,-1,True
IPTITQMNL,HLA_B_51_01,0,False
IPTITQMNL,HLA_B_53_01,0,False
IPTNFSISI,HLA_B_51_01,0,False
IPTNFSISI,HLA_B_53_01,0,False
IPTVMAFHL,HLA_B_53_01,0,False
IPVEPAFQV,HLA_B_51_01,0,False
IPVTMTLWY,HLA_B_53_01,-1,True
IPYSRVNHA,HLA_B_07_02,-1,True
IPYSRVNHA,HLA_B_51_01,-1,True
IQFMMSRRR,HLA_A_31_01,-1,True
IQKETLVTF,HLA_B_15_01,-1,True
IQRTVFFVL,HLA_B_15_01,-1,True
IRHNKDRKV,HLA_C_06_02,-1,True
IRKPKHLYV,HLA_C_06_02,-1,True
ISIISIRPR,HLA_A_31_01,-1,True
ISIIVLFQR,HLA_A_31_01,-1,True
ISLGLILLK,HLA_A_11_01,-1,True
ISLNSMYTR,HLA_A_31_01,-1,True
ISNQIWLFR,HLA_A_31_01,-1,True
ISYCRAFIY,HLA_A_03_01,-1,True
ISYCRAFIY,HLA_A_11_01,-1,True
ITAHLVNSL,HLA_B_15_01,0,False
ITASRFKEL,HLA_C_07_02,-1,True
ITFLRPVLK,HLA_A_03_01,-1,True
ITFLRPVLK,HLA_A_11_01,-1,True
ITIPIGLYL,HLA_C_03_03,-1,True
ITLPISASL,HLA_C_03_03,-1,True
ITLTNVVNI,HLA_B_15_01,0,False
ITMGSLFFV,HLA_A_02_01,0,False
ITMGSLFFV,HLA_A_68_02,0,False
ITMTTVYHI,HLA_A_68_02,0,False
ITTFIPISA,HLA_A_68_02,-1,True
ITYGSVSWR,HLA_A_31_01,-1,True
IVAALVFLI,HLA_A_68_02,0,False
IVFNLPVSK,HLA_A_03_01,-1,True
IVFNLPVSK,HLA_A_11_01,-1,True
IVHPPMLYM,HLA_C_12_03,-1,True
IVLFQRFLR,HLA_A_31_01,-1,True
IVMLHTTER,HLA_A_31_01,-1,True
IVNEHDIKY,HLA_A_03_01,-1,True
IVVALSSLV,HLA_A_68_02,-1,True
IVVDNTSAF,HLA_B_35_01,0,False
IVYGRSNAI,HLA_A_68_02,-1,True
IYKGVYQFK,HLA_A_31_01,-1,True
IYLPIVHPF,HLA_C_07_02,-1,True
KAAGAAVAL,HLA_C_03_03,-1,True
KAAGAAVAL,HLA_C_12_03,-1,True
KAFNHASVK,HLA_A_03_01,-1,True
KAFPLIQNM,HLA_C_14_02,-1,True
KAFQDVLYV,HLA_C_12_03,-1,True
KALKINWYK,HLA_A_31_01,-1,True
KALKLSWFK,HLA_A_03_01,-1,True
KAMLYIIRR,HLA_A_31_01,-1,True
KAPNVISSK,HLA_A_03_01,-1,True
KATTQIAPK,HLA_A_11_01,-1,True
KAVETPILV,HLA_C_12_03,-1,True
KAWSEGLAM,HLA_B_35_01,-1,True
KAYANMWSL,HLA_C_14_02,-1,True
KAYLYTEYF,HLA_B_15_01,-1,True
KFGKNHIHR,HLA_A_31_01,-1,True
KFYGPFVDR,HLA_A_31_01,-1,True
KGFFRVFKK,HLA_A_03_01,-1,True
KGLGHDFLR,HLA_A_31_01,-1,True
KIDYYIPYV,HLA_A_02_01,-1,True
KIGMFNLTF,HLA_B_15_01,-1,True
KIIAVFDSK,HLA_A_03_01,-1,True
KIKLILANK,HLA_A_31_01,-1,True
KILPYQLKR,HLA_A_03_01,-1,True
KILSVFFLA,HLA_A_11_01,-1,True
KIMQVDRPM,HLA_C_14_02,-1,True
KINKNPKYK,HLA_A_03_01,-1,True
KINSNFLLK,HLA_A_11_01,-1,True
KIRCEITSF,HLA_B_15_01,-1,True
KISFPIIAK,HLA_A_03_01,-1,True
KIYNVTNPF,HLA_B_15_01,-1,True
KIYRRQIFK,HLA_A_11_01,-1,True
KLAEIFQPF,HLA_C_14_02,-1,True
KLFFQVIAK,HLA_A_03_01,-1,True
KLFKKTDFK,HLA_A_03_01,-1,True
KLFTHDIML,HLA_A_02_01,-1,True
KLFTIAMWL,HLA_A_02_01,-1,True
KLFYVYYNL,HLA_A_02_01,-1,True
KLGEFGRAK,HLA_A_03_01,-1,True
KLGNLLLLI,HLA_A_02_01,-1,True
KLHSGKDVF,HLA_B_15_01,-1,True
KLHSGVDVF,HLA_B_15_01,-1,True
KLIEYSDFA,HLA_A_02_01,-1,True
KLITPNYMK,HLA_A_11_01,-1,True
KLLISCWQR,HLA_A_31_01,-1,True
KLMEEYLRR,HLA_A_31_01,-1,True
KLMSGKDVF,HLA_B_15_01,-1,True
KLNNVFYVF,HLA_B_15_01,-1,True
KLQARNIQK,HLA_A_03_01,-1,True
KLRIKGMSY,HLA_A_03_01,-1,True
KLRQIVAYF,HLA_B_15_01,-1,True
KLTPLCVTL,HLA_A_02_01,-1,True
KLVMAFIAF,HLA_B_15_01,-1,True
KLYEEPLSK,HLA_A_03_01,-1,True
KLYERNTAF,HLA_C_12_03,-1,True
KLYLRPWWH,HLA_A_03_01,-1,True
KMFCAGYPK,HLA_A_03_01,-1,True
KMFNRASYF,HLA_A_03_01,-1,True
KMFNRASYF,HLA_C_06_02,-1,True
KMFNRASYF,HLA_C_14_02,-1,True
KMFTFWYMR,HLA_A_31_01,-1,True
KMGAFMYTK,HLA_A_03_01,-1,True
KMGAFMYTK,HLA_A_11_01,-1,True
KMGAFMYTK,HLA_A_31_01,-1,True
KMIYDLNAV,HLA_A_02_01,-1,True
KMLTFDVFR,HLA_A_11_01,-1,True
KMLTFDVFR,HLA_A_31_01,-1,True
KMNAKAATL,HLA_C_14_02,-1,True
KMQRMLLEK,HLA_A_03_01,-1,True
KMQRMLLEK,HLA_A_11_01,-1,True
KMYWITRSK,HLA_A_03_01,-1,True
KNKAWMVHR,HLA_A_31_01,-1,True
KPANHRGQL,HLA_B_07_02,-1,True
KPASRELSV,HLA_B_07_02,-1,True
KPESRPFDL,HLA_B_07_02,-1,True
KPFNNILNL,HLA_C_14_02,-1,True
KPGTSGSPI,HLA_B_07_02,-1,True
KPLIKWDLL,HLA_B_53_01,-1,True
KPNELSLAL,HLA_B_07_02,-1,True
KPNELSLAL,HLA_B_51_01,0,False
KPNELSLAL,HLA_B_53_01,-1,True
KPRWLDARI,HLA_B_07_02,-1,True
KPSGSASSM,HLA_B_07_02,-1,True
KPTTFMLKY,HLA_B_53_01,-1,True
KPVDTSNSF,HLA_B_07_02,-1,True
KPVGWAMSF,HLA_B_07_02,-1,True
KPVGWAMSF,HLA_B_35_01,0,False
KPYTAGNKV,HLA_B_51_01,-1,True
KQFKQDSKY,HLA_B_15_01,-1,True
KQIANELNY,HLA_B_15_01,-1,True
KQISNELNY,HLA_B_15_01,-1,True
KQITNELNY,HLA_B_15_01,-1,True
KQKLGFNEF,HLA_B_15_01,-1,True
KQMYRKFSR,HLA_A_31_01,-1,True
KQTGSASSM,HLA_B_15_01,0,False
KQYNVTQAF,HLA_C_14_02,-1,True
KRMMIRYCL,HLA_C_06_02,-1,True
KRVDWSVEY,HLA_C_07_02,-1,True
KSAGFPFNK,HLA_A_03_01,-1,True
KSAGFPFNK,HLA_A_11_01,-1,True
KSFGRISVL,HLA_C_12_03,-1,True
KSHAAYIDY,HLA_B_15_01,-1,True
KSIENKHQR,HLA_A_31_01,-1,True
KSINKVYGR,HLA_A_11_01,-1,True
KSINKVYGR,HLA_A_31_01,-1,True
KSISKSNAK,HLA_A_03_01,-1,True
KSISKSNAK,HLA_A_11_01,-1,True
KSISKSNAK,HLA_A_31_01,-1,True
KSISSIFGY,HLA_A_11_01,-1,True
KSISSMTIR,HLA_A_31_01,-1,True
KSKAINVLR,HLA_A_31_01,-1,True
KSKKYEGPF,HLA_B_15_01,-1,True
KSLLLLNTR,HLA_A_31_01,-1,True
KSNAKCIEY,HLA_A_03_01,-1,True
KSNILMWNK,HLA_A_11_01,-1,True
KSNILMWNK,HLA_A_31_01,-1,True
KSSSILARR,HLA_A_31_01,-1,True
KSTVKLVQR,HLA_A_31_01,-1,True
KSYEHQTPF,HLA_C_03_03,-1,True
KSYEHQTPF,HLA_C_12_03,-1,True
KSYEHQTPF,HLA_C_14_02,-1,True
KSYSLIRPK,HLA_A_03_01,-1,True
KSYSLIRPK,HLA_A_11_01,-1,True
KSYSLIRPK,HLA_A_31_01,-1,True
KTFVDLMRR,HLA_A_31_01,-1,True
KTFVELMRR,HLA_A_31_01,-1,True
KTIARFTYF,HLA_B_15_01,-1,True
KTINALVYF,HLA_B_15_01,-1,True
KTIYAVDSF,HLA_B_15_01,-1,True
KTLDISSFY,HLA_A_11_01,-1,True
KTMAVTYEL,HLA_A_02_01,-1,True
KTMAVTYEL,HLA_B_15_01,-1,True
KTMNNYMIK,HLA_A_11_01,-1,True
KTNDINVRR,HLA_A_31_01,-1,True
KTNTKHCPK,HLA_A_03_01,-1,True
KTNTKHCPK,HLA_A_11_01,-1,True
KTNTKHCPK,HLA_A_31_01,-1,True
KTQFNYFKK,HLA_A_11_01,-1,True
KTQFNYFKK,HLA_A_31_01,-1,True
KTWAYHGSY,HLA_B_15_01,0,False
KTYYHHTGY,HLA_A_03_01,-1,True
KVAQAAAAM,HLA_C_14_02,-1,True
KVASAGISY,HLA_B_15_01,-1,True
KVFEHVGSR,HLA_A_11_01,-1,True
KVFFGPIYY,HLA_C_12_03,-1,True
KVFVLGGCR,HLA_A_11_01,-1,True
KVIQPRVEK,HLA_A_03_01,-1,True
KVIQYLAYV,HLA_A_68_02,0,False
KVKYLYFIK,HLA_A_31_01,-1,True
KVLFLAAFV,HLA_A_68_02,-1,True
KVMFVIRFK,HLA_A_03_01,-1,True
KVMFVIRFK,HLA_A_11_01,-1,True
KVMFVIRFK,HLA_A_31_01,-1,True
KVSCSMLEF,HLA_B_15_01,-1,True
KVSWRWMVY,HLA_A_03_01,-1,True
KVVDLGCGR,HLA_A_31_01,-1,True
KVVDTFISY,HLA_A_03_01,-1,True
KVVDTFISY,HLA_A_11_01,-1,True
KVVNRWLFR,HLA_A_31_01,-1,True
KVYDIAFSR,HLA_A_03_01,-1,True
KVYDKLFPV,HLA_A_02_01,-1,True
KVYEGVWKK,HLA_A_03_01,-1,True
KVYKTYFEK,HLA_A_11_01,-1,True
KVYWAGIEF,HLA_C_14_02,-1,True
KYAEAFQMV,HLA_C_14_02,-1,True
KYAKFFQNF,HLA_C_14_02,-1,True
KYFDDVTAF,HLA_C_14_02,-1,True
KYFDEHYEY,HLA_C_07_02,-1,True
KYLLNVSYL,HLA_C_14_02,-1,True
KYMDNELVY,HLA_C_07_02,-1,True
KYNSHHFTF,HLA_C_07_02,-1,True
KYNSHHFTF,HLA_C_14_02,-1,True
KYQSPVNIF,HLA_C_14_02,-1,True
KYTHFFSGF,HLA_C_14_02,-1,True
KYYLAYTSY,HLA_C_14_02,-1,True
LAAEEILTL,HLA_C_03_03,-1,True
LAAEEILTL,HLA_C_12_03,-1,True
LAANFVVAL,HLA_C_03_03,-1,True
LAANFVVAL,HLA_C_12_03,-1,True
LAFSIMKSV,HLA_B_51_01,-1,True
LAHAIGTSI,HLA_B_51_01,-1,True
LAHRTRNAL,HLA_B_07_02,-1,True
LAHYIGTSL,HLA_B_07_02,-1,True
LAIPATEFF,HLA_B_15_01,-1,True
LAIPPTAGI,HLA_B_51_01,-1,True
LAIPPTAGV,HLA_A_68_02,0,False
LAISAVYFK,HLA_A_11_01,-1,True
LAKKTLAPF,HLA_B_15_01,-1,True
LALFLAHYI,HLA_B_51_01,0,False
LALGFFLRK,HLA_A_03_01,-1,True
LAMATTLQL,HLA_B_07_02,-1,True
LAMGCYSQV,HLA_B_51_01,-1,True
LAMSTTISV,HLA_A_68_02,-1,True
LAMTDTTPF,HLA_B_15_01,-1,True
LAMTDTTPF,HLA_B_35_01,-1,True
LAMTDTTPF,HLA_B_53_01,-1,True
LANETTQAL,HLA_B_35_01,-1,True
LANETTQAL,HLA_C_03_03,-1,True
LANWCLLNY,HLA_B_35_01,-1,True
LANYAFFAI,HLA_C_03_03,-1,True
LARASFIEV,HLA_B_51_01,-1,True
LASAMRMLW,HLA_B_53_01,-1,True
LATAIAGAW,HLA_B_53_01,0,False
LAVMGDAAW,HLA_B_35_01,-1,True
LAVSAYTPW,HLA_B_35_01,-1,True
LAVSAYTPW,HLA_C_03_03,-1,True
LAYARGQAM,HLA_C_03_03,-1,True
LAYASYFSF,HLA_C_03_03,-1,True
LAYEHDVPI,HLA_C_03_03,-1,True
LAYEHDVPI,HLA_C_12_03,-1,True
LGAQALPVY,HLA_B_15_01,-1,True
LGRANITHF,HLA_B_15_01,-1,True
LIANIHNHM,HLA_B_15_01,0,False
LIIKSDHEF,HLA_B_15_01,-1,True
LIITKVFSF,HLA_B_15_01,-1,True
LIMYSVIGV,HLA_A_02_01,0,False
LIRPKILSM,HLA_B_15_01,-1,True
LIVSGIFPY,HLA_B_15_01,0,False
LIYRRRLMK,HLA_A_03_01,-1,True
LIYWNPFHR,HLA_A_11_01,-1,True
LLANILSEK,HLA_A_03_01,-1,True
LLAPITAYA,HLA_A_68_02,-1,True
LLAQFTSAI,HLA_A_02_01,-1,True
LLDAHIPQL,HLA_A_02_01,-1,True
LLFASMGFK,HLA_A_03_01,-1,True
LLFASMGFK,HLA_A_11_01,-1,True
LLFLNDMGK,HLA_A_03_01,-1,True
LLFYTRHRF,HLA_B_15_01,-1,True
LLGPGRPYK,HLA_A_03_01,-1,True
LLHCVTESY,HLA_B_15_01,-1,True
LLIEGIFFI,HLA_A_02_01,-1,True
LLKDRNELF,HLA_B_15_01,-1,True
LLKYAGLTI,HLA_B_15_01,-1,True
LLLEWLAEV,HLA_A_02_01,-1,True
LLLNTRQLK,HLA_A_11_01,-1,True
LLLSFTSFR,HLA_A_31_01,-1,True
LLLSINSSF,HLA_B_15_01,0,False
LLLWPLYVL,HLA_A_02_01,0,False
LLMHLVSLY,HLA_A_03_01,-1,True
LLMLVTPSM,HLA_B_15_01,-1,True
LLMMTLPSI,HLA_A_02_01,0,False
LLMPLKAPK,HLA_A_31_01,-1,True
LLMRTSWAL,HLA_A_02_01,-1,True
LLMRTTWAF,HLA_B_15_01,-1,True
LLNLLLWPL,HLA_A_02_01,-1,True
LLRHYYNKR,HLA_A_31_01,-1,True
LLSAINFKI,HLA_A_02_01,-1,True
LLSGHNLAK,HLA_A_03_01,-1,True
LLSKNTFYL,HLA_A_02_01,-1,True
LLSYYVVYV,HLA_A_02_01,-1,True
LLWFLTGTF,HLA_B_15_01,-1,True
LLYAHINAL,HLA_C_07_02,-1,True
LLYAHINAL,HLA_C_12_03,-1,True
LLYDANYFV,HLA_A_02_01,-1,True
LLYTANFTF,HLA_B_15_01,0,False
LMCHATFTM,HLA_B_15_01,0,False
LMDENTYAM,HLA_B_35_01,-1,True
LMHLVSLYK,HLA_A_03_01,-1,True
LMHLVSLYK,HLA_A_11_01,-1,True
LMIERFVSL,HLA_A_02_01,0,False
LMIFISSFL,HLA_A_02_01,0,False
LMIVARHER,HLA_A_31_01,-1,True
LMLASSAGK,HLA_A_03_01,-1,True
LMMILPAAL,HLA_B_15_01,-1,True
LMMLVAPSY,HLA_B_15_01,0,False
LMMRTTWAL,HLA_B_15_01,-1,True
LMMTTIGVV,HLA_B_15_01,0,False
LMNKENAEM,HLA_B_15_01,-1,True
LMSFTILCL,HLA_A_02_01,0,False
LMSGKDVFY,HLA_B_15_01,-1,True
LMSTLLIYL,HLA_A_02_01,0,False
LMTGTLAVF,HLA_B_15_01,0,False
LMWDNVGLV,HLA_A_02_01,-1,True
LMWNKQFIK,HLA_A_03_01,-1,True
LMWNKQFIK,HLA_A_11_01,-1,True
LMYALEPRK,HLA_A_03_01,-1,True
LMYDIINSV,HLA_A_02_01,-1,True
LNMFVSDQV,HLA_A_68_02,-1,True
LNNSFYYMR,HLA_A_31_01,-1,True
LPAALAFHL,HLA_B_53_01,0,False
LPADPASVL,HLA_B_35_01,-1,True
LPAGSPVAV,HLA_B_35_01,0,False
LPAGSPVAV,HLA_B_51_01,-1,True
LPAGSRIWL,HLA_B_07_02,-1,True
LPAIVREAI,HLA_B_07_02,-1,True
LPAIVREAI,HLA_B_51_01,-1,True
LPAMCNVYI,HLA_B_51_01,0,False
LPAMCNVYI,HLA_B_53_01,0,False
LPANLTLMM,HLA_B_35_01,0,False
LPATLAFHL,HLA_B_53_01,0,False
LPCQLMYAL,HLA_B_07_02,-1,True
LPCQLMYAL,HLA_B_35_01,-1,True
LPCQLMYAL,HLA_B_53_01,0,False
LPDALLFTL,HLA_B_53_01,0,False
LPDGQVIWV,HLA_B_51_01,-1,True
LPDWATERF,HLA_B_53_01,-1,True
LPDYGELTL,HLA_B_53_01,-1,True
LPFDRTTVM,HLA_B_07_02,-1,True
LPFHNVHPL,HLA_B_07_02,-1,True
LPFHNVHPL,HLA_B_35_01,-1,True
LPFHNVHPL,HLA_B_51_01,-1,True
LPFHRWHTM,HLA_B_07_02,-1,True
LPFHRWHTM,HLA_B_35_01,-1,True
LPFHRWHTM,HLA_B_51_01,-1,True
LPFHRWHTM,HLA_B_53_01,-1,True
LPFLKSLAI,HLA_B_07_02,-1,True
LPFQNVHPV,HLA_B_35_01,-1,True
LPFRNCPRF,HLA_B_51_01,-1,True
LPFVWAPMV,HLA_B_51_01,0,False
LPGCSFSIF,HLA_B_51_01,0,False
LPGCSFSIF,HLA_B_53_01,-1,True
LPHNSVITV,HLA_B_07_02,-1,True
LPHSSSHWL,HLA_B_07_02,-1,True
LPIFSDAAL,HLA_B_07_02,-1,True
LPIFSDAAL,HLA_B_53_01,-1,True
LPIFSEFVL,HLA_B_53_01,0,False
LPIRTTRHF,HLA_B_35_01,-1,True
LPIRYQTPA,HLA_B_07_02,-1,True
LPKEACMEI,HLA_B_51_01,-1,True
LPLERAIAV,HLA_B_07_02,-1,True
LPLERAIAV,HLA_B_35_01,-1,True
LPLERAIAV,HLA_B_51_01,-1,True
LPLMMLSPL,HLA_B_07_02,-1,True
LPLMMLSPL,HLA_B_35_01,-1,True
LPLMMLSPL,HLA_B_51_01,-1,True
LPLNRAYPL,HLA_B_07_02,-1,True
LPLNRAYPL,HLA_B_35_01,0,False
LPMIIGEPI,HLA_B_07_02,-1,True
LPMIIGEPI,HLA_B_51_01,-1,True
LPMIIGEPI,HLA_B_53_01,-1,True
LPNVDLTTM,HLA_B_35_01,-1,True
LPNVDLTTM,HLA_B_51_01,-1,True
LPNVDLTTM,HLA_B_53_01,-1,True
LPNVQFVDI,HLA_B_51_01,-1,True
LPNVQFVDI,HLA_B_53_01,-1,True
LPPFTQHLL,HLA_B_51_01,0,False
LPPFTQHLL,HLA_B_53_01,-1,True
LPQFATAAT,HLA_B_07_02,-1,True
LPQIGGEAI,HLA_B_07_02,-1,True
LPQIGGEAI,HLA_B_51_01,-1,True
LPQIGGEAI,HLA_B_53_01,-1,True
LPQPPICTI,HLA_B_51_01,0,False
LPQPPICTI,HLA_B_53_01,0,False
LPQYFTFDL,HLA_B_35_01,-1,True
LPRPDTRHL,HLA_B_07_02,-1,True
LPRRLQLLF,HLA_B_35_01,-1,True
LPRRSLKAF,HLA_B_35_01,-1,True
LPRRSLKAF,HLA_B_51_01,-1,True
LPSDFFPSV,HLA_B_51_01,0,False
LPSDFFPSV,HLA_B_53_01,0,False
LPSETFPNV,HLA_B_51_01,0,False
LPSETFPNV,HLA_B_53_01,0,False
LPSFGVSGI,HLA_B_51_01,-1,True
LPSIPVHPI,HLA_B_51_01,-1,True
LPSIVREAL,HLA_B_07_02,-1,True
LPSIVREAL,HLA_B_53_01,-1,True
LPSPACQLV,HLA_B_51_01,-1,True
LPSSSSYSY,HLA_B_35_01,0,False
LPTALAFHL,HLA_B_53_01,0,False
LPTLFGRGV,HLA_B_07_02,-1,True
LPTLFGRGV,HLA_B_51_01,-1,True
LPTNASLSF,HLA_B_53_01,0,False
LPTNAVVKM,HLA_B_51_01,-1,True
LPTSITVPV,HLA_B_35_01,0,False
LPTSITVPV,HLA_B_53_01,0,False
LPTSIVVPI,HLA_B_35_01,-1,True
LPTSIVVPI,HLA_B_51_01,0,False
LPTSIVVPI,HLA_B_53_01,-1,True
LPTTITVPV,HLA_B_35_01,-1,True
LPTTITVPV,HLA_B_51_01,0,False
LPTTLFQPY,HLA_B_51_01,0,False
LPTWLGAAI,HLA_B_07_02,-1,True
LPTWLGAAI,HLA_B_51_01,0,False
LPTWLGAAI,HLA_B_53_01,0,False
LPVCQSSSM,HLA_B_07_02,-1,True
LPVFTWLAL,HLA_B_07_02,-1,True
LPVFTWLAL,HLA_B_51_01,0,False
LPVLSLNWV,HLA_B_51_01,0,False
LPVNVAFEL,HLA_B_35_01,-1,True
LPVNVAFEL,HLA_B_51_01,-1,True
LPVNVAFEL,HLA_B_53_01,-1,True
LPVPLFPGF,HLA_B_51_01,0,False
LPVWLAHKV,HLA_B_51_01,-1,True
LPVWLAYRV,HLA_B_51_01,-1,True
LPVWLSYKV,HLA_B_51_01,0,False
LPVYLMTLM,HLA_B_07_02,-1,True
LPVYLMTLM,HLA_B_35_01,-1,True
LPVYLMTLM,HLA_B_53_01,-1,True
LPWHRLFLL,HLA_B_07_02,-1,True
LPWHRLFLL,HLA_B_51_01,-1,True
LPWHRLFLL,HLA_B_53_01,-1,True
LPWSSPQLW,HLA_B_51_01,0,False
LPWTSGAST,HLA_B_07_02,-1,True
LPYNWKNFY,HLA_B_35_01,-1,True
LPYNWKNFY,HLA_B_53_01,-1,True
LPYPQPQPF,HLA_B_35_01,-1,True
LPYPQPQPF,HLA_B_51_01,0,False
LPYPQPQPF,HLA_B_53_01,-1,True
LPYSQPQPF,HLA_B_07_02,-1,True
LPYSQPQPF,HLA_B_35_01,-1,True
LPYSQPQPF,HLA_B_51_01,0,False
LPYSQPQPF,HLA_B_53_01,0,False
LPYVGDTSM,HLA_B_07_02,-1,True
LPYVGDTSM,HLA_B_35_01,-1,True
LPYVGDTSM,HLA_B_51_01,-1,True
LPYVGDTSM,HLA_B_53_01,-1,True
LQAKSGSSL,HLA_B_15_01,-1,True
LQIFSNSVG,HLA_B_15_01,-1,True
LQNSVVLQF,HLA_B_15_01,-1,True
LQSGVDVFF,HLA_B_15_01,-1,True
LRHSTAHLL,HLA_C_06_02,-1,True
LSAGVEFLK,HLA_A_11_01,-1,True
LSARNKLFK,HLA_A_03_01,-1,True
LSARNKLFK,HLA_A_11_01,-1,True
LSDENYLLK,HLA_A_11_01,-1,True
LSINSSFYF,HLA_B_15_01,-1,True
LSKSEFNTY,HLA_B_15_01,-1,True
LSKWHTSAR,HLA_A_31_01,-1,True
LSRVFFCVY,HLA_B_15_01,-1,True
LSSQMTSTF,HLA_B_15_01,0,False
LSYYVVYVF,HLA_B_15_01,-1,True
LTAALLLLV,HLA_A_68_02,-1,True
LTAAVLLLV,HLA_A_68_02,0,False
LTFDVFRPL,HLA_A_68_02,-1,True
LTFDYVVTF,HLA_B_15_01,0,False
LTFGWCFKL,HLA_A_68_02,-1,True
LTIPPTAGI,HLA_A_68_02,0,False
LTIPTIMGR,HLA_A_31_01,-1,True
LVENNFFTK,HLA_A_31_01,-1,True
LVFNSISAR,HLA_A_03_01,-1,True
LVFNSISAR,HLA_A_31_01,-1,True
LVIGVAFLA,HLA_A_68_02,0,False
LVISGLFPV,HLA_A_68_02,0,False
LVISGVFPV,HLA_A_68_02,0,False
LVKMINHLK,HLA_A_31_01,-1,True
LVKSSFVKK,HLA_A_03_01,-1,True
LVKSSFVKK,HLA_A_31_01,-1,True
LVKSSILTL,HLA_B_15_01,-1,True
LVLAVGPAY,HLA_B_35_01,-1,True
LVMAPRTVL,HLA_C_12_03,-1,True
LVMKDGRVL,HLA_B_07_02,-1,True
LYIEILRLL,HLA_C_06_02,-1,True
LYPTFYCLF,HLA_C_07_02,-1,True
LYPTFYCLF,HLA_C_14_02,-1,True
LYSRSFWFF,HLA_C_07_02,-1,True
MAAAAFPAL,HLA_C_03_03,-1,True
MAAAGATLY,HLA_C_12_03,-1,True
MAAILAYTI,HLA_A_68_02,0,False
MAAILAYTI,HLA_B_51_01,0,False
MAAILAYTI,HLA_B_53_01,-1,True
MACHRVLTY,HLA_C_12_03,-1,True
MAFDISVNA,HLA_A_68_02,-1,True
MAFIAFLRF,HLA_B_35_01,-1,True
MAFIAFLRF,HLA_B_53_01,-1,True
MAGCGYLMF,HLA_B_35_01,0,False
MAIGIVSIL,HLA_A_68_02,-1,True
MAILGDTAW,HLA_B_53_01,-1,True
MAILGETAW,HLA_B_53_01,-1,True
MALKLITQF,HLA_B_35_01,-1,True
MALKLITQF,HLA_B_53_01,-1,True
MALSIVSLF,HLA_B_35_01,0,False
MALSIVSLF,HLA_B_53_01,-1,True
MALVAFLRF,HLA_B_53_01,-1,True
MAMALSIVS,HLA_B_35_01,0,False
MAMTDTTPF,HLA_B_15_01,-1,True
MAMTDTTPF,HLA_B_35_01,-1,True
MAMTDTTPF,HLA_B_53_01,-1,True
MAMTTTLSI,HLA_B_51_01,0,False
MAMTTTLSI,HLA_B_53_01,0,False
MAMTTVLSI,HLA_B_51_01,-1,True
MAMTTVLSI,HLA_B_53_01,0,False
MASSALLWM,HLA_B_35_01,-1,True
MASSALLWM,HLA_B_53_01,-1,True
MASSVLLWM,HLA_B_53_01,-1,True
MATMLEYVR,HLA_A_31_01,-1,True
MAVELFQTI,HLA_B_51_01,-1,True
MAVELFQTI,HLA_B_53_01,-1,True
MAVGVVLAL,HLA_C_03_03,0,False
MAWERGPAL,HLA_C_03_03,-1,True
MAWGGSYIA,HLA_B_35_01,-1,True
MEFEPFQSL,HLA_C_14_02,-1,True
MEITAEWLW,HLA_B_53_01,-1,True
MENVYISSY,HLA_B_15_01,-1,True
MERFNCSSF,HLA_B_15_01,-1,True
MFLTSVINR,HLA_A_31_01,-1,True
MGAGLVFPI,HLA_A_68_02,0,False
MGANFKAER,HLA_A_31_01,-1,True
MGFGHRIYK,HLA_A_31_01,-1,True
MGITAEWLW,HLA_B_53_01,-1,True
MGMNAYFAY,HLA_B_35_01,-1,True
MIAGVFFTF,HLA_B_15_01,0,False
MIAGVFFTF,HLA_B_35_01,-1,True
MIAGVLFTF,HLA_B_35_01,-1,True
MIFFNPVSF,HLA_B_15_01,-1,True
MIFISSFLL,HLA_A_02_01,0,False
MIFISSFLL,HLA_A_68_02,0,False
MIFVSSIFI,HLA_A_68_02,-1,True
MIKNLTQLF,HLA_B_15_01,-1,True
MILPAALAF,HLA_B_15_01,-1,True
MILVPLITV,HLA_A_68_02,0,False
MISRMLINR,HLA_A_31_01,-1,True
MLAPSTLGY,HLA_B_35_01,0,False
MLDDFSAGA,HLA_A_02_01,-1,True
MLFTKFFYL,HLA_A_02_01,-1,True
MLFTKFFYL,HLA_A_68_02,-1,True
MLFTSTNDK,HLA_A_03_01,-1,True
MLINRFTMK,HLA_A_03_01,-1,True
MLINRFTMR,HLA_A_31_01,-1,True
MLIPTAMAF,HLA_B_15_01,0,False
MLIPTVMAF,HLA_B_15_01,-1,True
MLIYSMWGK,HLA_A_11_01,-1,True
MLLALVALV,HLA_A_02_01,0,False
MLLMLLPTA,HLA_A_02_01,0,False
MLLNRFTTR,HLA_A_31_01,-1,True
MLMAASRAL,HLA_C_03_03,-1,True
MLMAASRAL,HLA_C_12_03,-1,True
MLMEVFPQL,HLA_A_02_01,-1,True
MLMFIFTGI,HLA_A_02_01,0,False
MLMTGTLAV,HLA_A_68_02,0,False
MLNFSIYSV,HLA_A_02_01,-1,True
MLNGIMYRL,HLA_A_02_01,-1,True
MLNTYGEGF,HLA_B_15_01,-1,True
MLQGRGPLK,HLA_A_03_01,-1,True
MLSSFGWIY,HLA_B_15_01,0,False
MLVALLGAM,HLA_B_15_01,0,False
MLVAPSYGM,HLA_B_15_01,-1,True
MLVTPSMAM,HLA_B_15_01,-1,True
MLYDRINLR,HLA_A_31_01,-1,True
MLYKSSKSR,HLA_A_03_01,-1,True
MLYPRVWPY,HLA_C_07_02,-1,True
MLYPRVWPY,HLA_C_14_02,-1,True
MMAKSNSPF,HLA_C_14_02,-1,True
MMFDAMGAL,HLA_C_12_03,-1,True
MMHASTSPF,HLA_C_12_03,-1,True
MMHASTSPF,HLA_C_14_02,-1,True
MMIDDFGTA,HLA_B_15_01,-1,True
MMISAGFSL,HLA_A_02_01,0,False
MMLKLLTDF,HLA_B_15_01,-1,True
MMLKLLTEF,HLA_B_15_01,-1,True
MMLSPLVAL,HLA_A_02_01,0,False
MMLVPLITV,HLA_A_02_01,-1,True
MMMPMFNAF,HLA_C_07_02,-1,True
MMMSTAVAF,HLA_B_35_01,0,False
MMMSTAVAF,HLA_C_14_02,-1,True
MMQTYTGAL,HLA_C_03_03,-1,True
MMSCISCIF,HLA_B_15_01,0,False
MMSMYGKAF,HLA_B_15_01,-1,True
MMWATAQAL,HLA_C_03_03,-1,True
MMWATAQAL,HLA_C_14_02,-1,True
MMYTVSLGH,HLA_A_03_01,0,False
MMYTVSLGK,HLA_A_03_01,-1,True
MPAIFFSIV,HLA_B_35_01,-1,True
MPALTIACM,HLA_B_35_01,-1,True
MPALTIACM,HLA_B_53_01,-1,True
MPARLWLCL,HLA_B_35_01,-1,True
MPASWVMRI,HLA_B_07_02,-1,True
MPASWVMRI,HLA_B_51_01,-1,True
MPASWVMRI,HLA_B_53_01,-1,True
MPAYIRNTL,HLA_B_07_02,-1,True
MPAYIRNTL,HLA_B_51_01,-1,True
MPAYIRNTL,HLA_B_53_01,-1,True
MPDCGMSVL,HLA_B_35_01,-1,True
MPDCGMSVL,HLA_B_53_01,-1,True
MPEKRNVVV,HLA_B_07_02,-1,True
MPEKRNVVV,HLA_B_51_01,-1,True
MPEWANFKF,HLA_B_53_01,-1,True
MPEWVNFKF,HLA_B_53_01,-1,True
MPFAGLLII,HLA_B_35_01,0,False
MPFAGLLII,HLA_B_51_01,0,False
MPFAGLLII,HLA_B_53_01,0,False
MPFAWQFGF,HLA_B_35_01,0,False
MPFIATPPV,HLA_B_35_01,-1,True
MPGVLSYVI,HLA_B_35_01,0,False
MPGVLSYVI,HLA_B_51_01,-1,True
MPGVLSYVI,HLA_B_53_01,0,False
MPGVLSYVV,HLA_B_51_01,0,False
MPKAGLLII,HLA_B_51_01,-1,True
MPKAGLLII,HLA_B_53_01,-1,True
MPLETQLAI,HLA_B_51_01,0,False
MPLETQLAI,HLA_B_53_01,0,False
MPLKKQILF,HLA_B_35_01,-1,True
MPLKKQILF,HLA_B_51_01,-1,True
MPLVMAWRT,HLA_B_53_01,-1,True
MPMSMPIPM,HLA_C_14_02,-1,True
MPNMLRIMA,HLA_B_07_02,-1,True
MPNMLRIMA,HLA_B_51_01,-1,True
MPNMLRIMA,HLA_B_53_01,-1,True
MPNQAQMRI,HLA_B_51_01,-1,True
MPNQAQMRI,HLA_B_53_01,-1,True
MPREDAHFI,HLA_B_51_01,-1,True
MPREDAHFI,HLA_B_53_01,-1,True
MPSACANGW,HLA_B_35_01,-1,True
MPSLTLACL,HLA_B_51_01,-1,True
MPSLTLACL,HLA_B_53_01,-1,True
MPSLTMACM,HLA_B_35_01,0,False
MPTDMLKLF,HLA_B_07_02,-1,True
MPTDMLKLF,HLA_B_35_01,-1,True
MPTDMLKLF,HLA_B_51_01,-1,True
MPTDMLKLF,HLA_B_53_01,0,False
MPVDHPLSL,HLA_B_07_02,-1,True
MPVDHPLSL,HLA_B_35_01,0,False
MPVGGQSSF,HLA_B_35_01,-1,True
MPVSIPTPI,HLA_B_51_01,0,False
MPVTHSSAA,HLA_B_07_02,-1,True
MPWLTTGPM,HLA_B_07_02,-1,True
MPWLTTGPM,HLA_C_14_02,-1,True
MPYHGYHII,HLA_B_51_01,0,False
MPYNILDRI,HLA_B_51_01,-1,True
MPYNILDRI,HLA_B_53_01,-1,True
MPYVFTLLF,HLA_B_35_01,0,False
MPYVFTLLF,HLA_B_51_01,-1,True
MPYVFTLLF,HLA_B_53_01,0,False
MQAGKRSLR,HLA_A_31_01,-1,True
MQFPGSVGF,HLA_C_07_02,-1,True
MQKFTILEY,HLA_B_15_01,-1,True
MQLSRLTLR,HLA_A_31_01,-1,True
MQRSGMLSL,HLA_B_07_02,-1,True
MQSSFFMNR,HLA_A_11_01,-1,True
MQSYNSVPI,HLA_B_15_01,-1,True
MSAPPAEYK,HLA_A_03_01,-1,True
MSAPPAEYK,HLA_A_11_01,-1,True
MSIDHCSSF,HLA_B_15_01,-1,True
MSIISFFPF,HLA_B_15_01,0,False
MSIMPVLAY,HLA_B_15_01,0,False
MSIPATLFV,HLA_A_68_02,0,False
MSLSEQLRK,HLA_A_03_01,-1,True
MSLSEQLRK,HLA_A_11_01,-1,True
MSMGDIITY,HLA_A_11_01,-1,True
MSNEGSYFF,HLA_B_35_01,-1,True
MSPDNALIY,HLA_B_35_01,-1,True
MSRKLHRYI,HLA_C_12_03,-1,True
MSWESTAEY,HLA_C_12_03,-1,True
MSWGWRLPF,HLA_C_06_02,-1,True
MSWGWRLPF,HLA_C_07_02,-1,True
MSWGWRLPF,HLA_C_14_02,-1,True
MSYSMCTGK,HLA_A_03_01,-1,True
MSYTMCSGK,HLA_A_03_01,-1,True
MTACGRIVV,HLA_C_12_03,-1,True
MTAGIFLFF,HLA_B_15_01,0,False
MTAHITVPY,HLA_C_12_03,-1,True
MTATPPGSV,HLA_A_68_02,0,False
MTCIAVGLV,HLA_A_68_02,-1,True
MTCIAVGMV,HLA_A_68_02,0,False
MTDDIGMGV,HLA_A_68_02,-1,True
MTFPVSLEY,HLA_C_03_03,-1,True
MTFPVSLEY,HLA_C_06_02,-1,True
MTFPVSLEY,HLA_C_14_02,-1,True
MTHPQSEAA,HLA_A_68_02,-1,True
MTIREFPRK,HLA_A_03_01,-1,True
MTIREFPRK,HLA_A_11_01,-1,True
MTMLIKAFK,HLA_A_03_01,-1,True
MTNRQFHQK,HLA_A_11_01,-1,True
MTNRQFHQK,HLA_A_31_01,-1,True
MTQKARNAL,HLA_B_07_02,-1,True
MTTTANWLW,HLA_B_53_01,-1,True
MTYLDGHPV,HLA_C_12_03,-1,True
MTYLDGHPV,HLA_C_14_02,-1,True
MVASQLARY,HLA_B_35_01,-1,True
MVFQNYALY,HLA_B_35_01,-1,True
MVLASTTAK,HLA_A_11_01,-1,True
MVLSGTLAY,HLA_B_35_01,0,False
MVLSGTLAY,HLA_C_14_02,-1,True
MVMTTTANW,HLA_B_53_01,0,False
MVRQMRAAL,HLA_C_14_02,-1,True
MVRRGVRSL,HLA_C_03_03,-1,True
MVSDTIMKR,HLA_A_11_01,-1,True
MVSDTIMKR,HLA_A_31_01,-1,True
MVSRLLLNR,HLA_A_31_01,-1,True
MVTDKTAYI,HLA_A_68_02,0,False
MVVKVNAAL,HLA_B_35_01,0,False
MVVKVNAAL,HLA_C_03_03,-1,True
MWHVTRGAF,HLA_C_14_02,-1,True
MYFHRRDLR,HLA_A_31_01,-1,True
MYPFIFFIV,HLA_A_68_02,0,False
MYYPAQLYL,HLA_C_06_02,-1,True
MYYPAQLYL,HLA_C_07_02,-1,True
MYYPAQLYL,HLA_C_12_03,-1,True
MYYPAQLYL,HLA_C_14_02,-1,True
NAASFAINY,HLA_B_35_01,0,False
NAHQILPKV,HLA_A_02_01,-1,True
NAICSAVPV,HLA_A_68_02,0,False
NAILHNIYR,HLA_A_31_01,-1,True
NAVILQNAW,HLA_B_53_01,-1,True
NAWKVSCTI,HLA_B_51_01,-1,True
NAWKVSCTI,HLA_B_53_01,-1,True
NCADHFEGV,HLA_A_68_02,-1,True
NFFHASLAY,HLA_B_35_01,0,False
NGQFIHFYR,HLA_A_31_01,-1,True
NIFMTLVPV,HLA_A_68_02,0,False
NIFPFFVAF,HLA_B_15_01,0,False
NIMEFCKAY,HLA_B_35_01,-1,True
NLFSKNILK,HLA_A_03_01,-1,True
NLLDSYFVV,HLA_A_02_01,-1,True
NLLLWPLYV,HLA_A_02_01,0,False
NLWNGIVPT,HLA_A_02_01,-1,True
NMKPNFWSR,HLA_A_31_01,-1,True
NMRDLIVTF,HLA_B_15_01,-1,True
NPAWRKAVF,HLA_B_07_02,-1,True
NPAWRKAVF,HLA_B_51_01,-1,True
NPDNTIAVI,HLA_B_35_01,-1,True
NPDNTIAVI,HLA_B_53_01,0,False
NPIINTHSF,HLA_B_07_02,-1,True
NPIINTHSF,HLA_B_35_01,-1,True
NPIINTHSF,HLA_B_53_01,0,False
NPITLTAAL,HLA_B_07_02,-1,True
NPKASTISW,HLA_B_07_02,-1,True
NPKASTISW,HLA_B_51_01,-1,True
NPKASTISW,HLA_B_53_01,-1,True
NPLVITTSV,HLA_B_51_01,0,False
NPLWPFETV,HLA_B_51_01,-1,True
NPRMFLAMI,HLA_B_07_02,-1,True
NPSILPSLI,HLA_B_51_01,-1,True
NPSILPSLI,HLA_B_53_01,-1,True
NPTNISKCF,HLA_B_53_01,-1,True
NPTSETMYL,HLA_B_53_01,-1,True
NQVKFYFNK,HLA_A_11_01,-1,True
NQYLLTMFF,HLA_B_15_01,-1,True
NSFELGVWV,HLA_A_68_02,0,False
NSISARALK,HLA_A_11_01,-1,True
NTFKFGVIY,HLA_C_12_03,-1,True
NTFVNFNSV,HLA_A_68_02,0,False
NTIAVITET,HLA_A_68_02,-1,True
NTIDKSSPL,HLA_A_68_02,0,False
NTITTFIPI,HLA_A_68_02,0,False
NTNKHMLEF,HLA_B_15_01,-1,True
NTPEGIIPA,HLA_A_68_02,-1,True
NVFHTMWHV,HLA_A_68_02,-1,True
NVFISPASI,HLA_A_68_02,0,False
NVIGLIVIL,HLA_A_68_02,0,False
NVISKIYTL,HLA_A_68_02,-1,True
NVSGVPHSV,HLA_A_68_02,-1,True
NYFNRMFHF,HLA_C_07_02,-1,True
NYIDKVRFL,HLA_C_06_02,-1,True
NYKWWWFSF,HLA_C_07_02,-1,True
NYMPYVFTL,HLA_C_07_02,-1,True
PPLISILMI,HLA_B_51_01,0,False
PVTIGECPK,HLA_A_11_01,-1,True
PVYLMTLMK,HLA_A_03_01,-1,True
QAFEAGIDF,HLA_B_35_01,-1,True
QAYAAPQLF,HLA_B_53_01,0,False
QIFEVYWYL,HLA_A_68_02,-1,True
QIFGTAYGV,HLA_A_68_02,-1,True
QIFNIISYI,HLA_A_68_02,0,False
QIVAYFSEF,HLA_B_15_01,-1,True
QLCYCPASK,HLA_A_11_01,-1,True
QLDPARDVL,HLA_A_02_01,-1,True
QLLDVKLAL,HLA_A_02_01,-1,True
QLYSTLLSF,HLA_B_15_01,0,False
QMLTSGEYK,HLA_A_03_01,-1,True
QMLTSGEYK,HLA_A_11_01,-1,True
QMSSGNLLF,HLA_B_15_01,-1,True
QPEKEIPEY,HLA_B_53_01,-1,True
QPENLEYTI,HLA_B_53_01,-1,True
QPFILYAHI,HLA_B_51_01,0,False
QPHQLWTTL,HLA_B_07_02,-1,True
QPHWIAASI,HLA_B_51_01,0,False
QPHWIAASI,HLA_B_53_01,-1,True
QPKPGTRMV,HLA_B_07_02,-1,True
QPLIGSRAF,HLA_B_35_01,-1,True
QPMEHKYSW,HLA_B_53_01,-1,True
QPMELKYSW,HLA_B_53_01,-1,True
QPQWIAASI,HLA_B_07_02,-1,True
QPTELKYSW,HLA_B_53_01,-1,True
QPTELRYSW,HLA_B_53_01,-1,True
QPYLQLQPF,HLA_B_35_01,0,False
QPYLQLQPF,HLA_B_51_01,-1,True
QPYPQPQPF,HLA_B_51_01,0,False
QQFANVISK,HLA_A_11_01,-1,True
QSAGFAAGL,HLA_A_68_02,0,False
QSAGFTAGL,HLA_A_68_02,0,False
QSFLFWFLK,HLA_A_03_01,-1,True
QSFLFWFLK,HLA_A_11_01,-1,True
QTHLAIMAV,HLA_A_68_02,-1,True
QTMLFTMLR,HLA_A_11_01,-1,True
QTMLFTMLR,HLA_A_31_01,-1,True
QVFGAIYGA,HLA_A_68_02,-1,True
QVFGTAYGV,HLA_A_68_02,0,False
QVIEYLKPY,HLA_B_35_01,-1,True
RAAHRRQSV,HLA_C_12_03,-1,True
RAAPLMQSL,HLA_B_07_02,-1,True
RAFDIYNEK,HLA_A_11_01,-1,True
RAFLLRHYY,HLA_A_11_01,-1,True
RAFWGQVQK,HLA_A_31_01,-1,True
RAIEAQQHL,HLA_C_03_03,-1,True
RAMKALSSI,HLA_B_07_02,-1,True
RAMKALSSI,HLA_B_51_01,-1,True
RAMKALSSI,HLA_C_14_02,-1,True
RAMRMVYYL,HLA_A_31_01,-1,True
RARKRGITM,HLA_C_12_03,-1,True
RARNRVSTV,HLA_B_07_02,-1,True
RASHFRKLF,HLA_C_12_03,-1,True
RATSHVPEF,HLA_C_12_03,-1,True
RAVEPGTVL,HLA_C_03_03,-1,True
RAYRNALSM,HLA_C_14_02,-1,True
RAYWIHLMM,HLA_C_12_03,-1,True
RFNAIWFNH,HLA_A_31_01,-1,True
RFNVPGTWR,HLA_A_31_01,-1,True
RFVKFNDYR,HLA_A_31_01,-1,True
RFYITTRYK,HLA_A_03_01,-1,True
RGRMQTASL,HLA_B_07_02,-1,True
RIFPATHYV,HLA_C_06_02,-1,True
RILPYTFKI,HLA_A_02_01,-1,True
RIRFVQNAL,HLA_B_07_02,-1,True
RLASLLTYA,HLA_A_02_01,-1,True
RLASYGLYY,HLA_B_15_01,-1,True
RLAVYIDKV,HLA_A_02_01,-1,True
RLFDFFSRV,HLA_A_02_01,-1,True
RLFKHGLKR,HLA_A_03_01,-1,True
RLFMALVAF,HLA_B_15_01,-1,True
RLFSYNFTT,HLA_A_02_01,-1,True
RLFYTFFSY,HLA_A_03_01,-1,True
RLFYTFFSY,HLA_A_11_01,-1,True
RLFYTFFSY,HLA_B_15_01,-1,True
RLGVRATRK,HLA_A_11_01,-1,True
RLISMMGFK,HLA_A_03_01,-1,True
RLIVLFEVF,HLA_B_15_01,-1,True
RLLAPITAY,HLA_A_03_01,-1,True
RLNFFTPTK,HLA_A_31_01,-1,True
RLNPEVSYF,HLA_B_15_01,-1,True
RLNWLTHLK,HLA_A_31_01,-1,True
RLPAYAPLL,HLA_C_03_03,-1,True
RLPAYAPLL,HLA_C_14_02,-1,True
RLPKDFVDL,HLA_C_14_02,-1,True
RLPTFMTQK,HLA_A_03_01,-1,True
RLQSGVDVF,HLA_B_15_01,-1,True
RLVDFFPDI,HLA_A_02_01,-1,True
RLVEEFFNR,HLA_A_31_01,-1,True
RLYSEGLSI,HLA_B_15_01,-1,True
RLYSIFLIF,HLA_B_15_01,-1,True
RMAATAQVL,HLA_C_03_03,-1,True
RMFKRVFNM,HLA_A_31_01,-1,True
RMIESRMSK,HLA_A_11_01,-1,True
RMLNILNGR,HLA_A_31_01,-1,True
RMLNILNRR,HLA_A_31_01,-1,True
RMLPKLAEF,HLA_C_14_02,-1,True
RMMATKDSF,HLA_C_14_02,-1,True
RMMETWHPL,HLA_C_12_03,-1,True
RMMETWHPL,HLA_C_14_02,-1,True
RMMGKTNPL,HLA_C_12_03,-1,True
RMMGKTNPL,HLA_C_14_02,-1,True
RMMGVKYLM,HLA_A_31_01,-1,True
RMPEAAPPV,HLA_A_02_01,-1,True
RMVLAFITF,HLA_B_15_01,-1,True
RMYWGVNPK,HLA_A_31_01,-1,True
RPADKIQML,HLA_B_07_02,-1,True
RPAKNGTVM,HLA_B_07_02,-1,True
RPAKSGTVM,HLA_B_07_02,-1,True
RPASAWTLY,HLA_B_53_01,-1,True
RPASGYSTL,HLA_B_07_02,-1,True
RPDTRHLRV,HLA_B_07_02,-1,True
RPDTRYVLM,HLA_B_07_02,-1,True
RPEIDVLPF,HLA_B_35_01,-1,True
RPEIDVLPF,HLA_B_53_01,-1,True
RPEMQEFEY,HLA_B_35_01,-1,True
RPEMQEFEY,HLA_B_53_01,-1,True
RPGGRGALL,HLA_B_07_02,-1,True
RPGYFTQTA,HLA_B_07_02,-1,True
RPGYHTQTA,HLA_B_07_02,-1,True
RPHVPESAF,HLA_B_07_02,-1,True
RPIFEWIEA,HLA_B_51_01,-1,True
RPKWLDARV,HLA_B_07_02,-1,True
RPMFAVGLL,HLA_B_07_02,-1,True
RPMPGTRKV,HLA_B_07_02,-1,True
RPMREVRFL,HLA_B_07_02,-1,True
RPMREVRFL,HLA_B_53_01,-1,True
RPPIFIRRL,HLA_B_07_02,-1,True
RPRGDNFAV,HLA_B_07_02,-1,True
RPRGEVRFL,HLA_B_07_02,-1,True
RPRLCTREE,HLA_B_07_02,-1,True
RPRWGAAAS,HLA_B_07_02,-1,True
RPRWLDART,HLA_B_07_02,-1,True
RPRWLDARV,HLA_B_07_02,-1,True
RPTFAAGLL,HLA_B_07_02,-1,True
RPTPKGAVM,HLA_B_07_02,-1,True
RPTPKGTVM,HLA_B_07_02,-1,True
RPTPRGAVM,HLA_B_07_02,-1,True
RPTPRGTVM,HLA_B_07_02,-1,True
RPTPTGTVM,HLA_B_07_02,-1,True
RPVWKLVKV,HLA_B_07_02,-1,True
RQEKWMTGR,HLA_A_31_01,-1,True
RQLANAIFK,HLA_A_03_01,-1,True
RQLLWRYQI,HLA_A_02_01,-1,True
RQMEGEGIF,HLA_B_15_01,-1,True
RQMEGEGVF,HLA_B_15_01,-1,True
RQMESEGIF,HLA_B_15_01,-1,True
RQMLHEIGR,HLA_A_31_01,-1,True
RQWFLDLPL,HLA_B_15_01,-1,True
RRFFPYYVY,HLA_C_07_02,-1,True
RRFKYLLNV,HLA_C_06_02,-1,True
RRFNRTKPM,HLA_C_06_02,-1,True
RRMATTFTF,HLA_C_07_02,-1,True
RRNDGVVQY,HLA_C_06_02,-1,True
RRNDGVVQY,HLA_C_07_02,-1,True
RRNDVARIF,HLA_C_06_02,-1,True
RRNDVARIF,HLA_C_07_02,-1,True
RRNRKALWL,HLA_C_06_02,-1,True
RRRLRTLVL,HLA_C_06_02,-1,True
RRRLRTLVL,HLA_C_07_02,-1,True
RRRPVTRPL,HLA_C_07_02,-1,True
RRRQWASCM,HLA_C_06_02,-1,True
RRRQWASCM,HLA_C_07_02,-1,True
RRSRRSLTV,HLA_C_06_02,-1,True
RRVRRRVLV,HLA_C_06_02,-1,True
RRWIAPHPL,HLA_C_14_02,-1,True
RRYASQTEL,HLA_C_06_02,-1,True
RRYDKLMSF,HLA_C_06_02,-1,True
RRYDKLMSF,HLA_C_07_02,-1,True
RRYRRIYDL,HLA_C_06_02,-1,True
RRYTRRISL,HLA_C_06_02,-1,True
RRYTRRISL,HLA_C_07_02,-1,True
RRYTRRISL,HLA_C_14_02,-1,True
RSANTSAPF,HLA_B_15_01,-1,True
RSCTLPPLR,HLA_A_31_01,-1,True
RSIAMLKSK,HLA_A_11_01,-1,True
RSIRKFNTM,HLA_B_15_01,-1,True
RSISRTENF,HLA_B_15_01,-1,True
RSLQTIASK,HLA_A_03_01,-1,True
RSLQTIASK,HLA_A_31_01,-1,True
RSTAIKVTK,HLA_A_31_01,-1,True
RSTPFNMLK,HLA_A_03_01,-1,True
RTFHIFYYL,HLA_A_02_01,-1,True
RTFSILNRK,HLA_A_31_01,-1,True
RTKLMSNIK,HLA_A_31_01,-1,True
RTLGVFRYK,HLA_A_31_01,-1,True
RTLNLFRYK,HLA_A_31_01,-1,True
RTMEVFTMY,HLA_A_11_01,-1,True
RTQAVIYAF,HLA_C_14_02,-1,True
RTRAGRHAF,HLA_C_14_02,-1,True
RTRDIYISR,HLA_A_31_01,-1,True
RTTWSIHAK,HLA_A_03_01,-1,True
RTWAYHGSY,HLA_B_15_01,-1,True
RTWFYRTEF,HLA_C_14_02,-1,True
RVAVNKSNK,HLA_A_03_01,-1,True
RVFNNYMPY,HLA_A_03_01,-1,True
RVFNNYMPY,HLA_A_11_01,-1,True
RVFPGDHFY,HLA_B_35_01,-1,True
RVIDLGCGR,HLA_A_31_01,-1,True
RVIWMDAYK,HLA_A_03_01,-1,True
RVIWMDAYK,HLA_A_11_01,-1,True
RVIWMDAYK,HLA_A_31_01,-1,True
RVLDCRTAF,HLA_C_14_02,-1,True
RVLFSIFYK,HLA_A_03_01,-1,True
RVLFSIFYK,HLA_A_31_01,-1,True
RVMAPRALL,HLA_B_07_02,-1,True
RVMAPRALL,HLA_C_03_03,-1,True
RVMAPRALL,HLA_C_06_02,-1,True
RVPSHLAHR,HLA_A_31_01,-1,True
RVYAHVRSV,HLA_C_06_02,-1,True
RVYAHVRSV,HLA_C_12_03,-1,True
RVYAHVRSV,HLA_C_14_02,-1,True
RVYANLGER,HLA_A_31_01,-1,True
RVYEALYYV,HLA_C_12_03,-1,True
RWFVRNPFF,HLA_C_14_02,-1,True
RWLPLVSLF,HLA_C_14_02,-1,True
RWLWGFLSR,HLA_A_31_01,-1,True
RYFSVTRPL,HLA_C_14_02,-1,True
RYKSRCYIF,HLA_C_07_02,-1,True
RYMSKTYNF,HLA_C_07_02,-1,True
RYPGVMYAF,HLA_C_14_02,-1,True
RYPRSVLTF,HLA_C_07_02,-1,True
RYPRSVLTF,HLA_C_14_02,-1,True
RYRPGTVAL,HLA_C_07_02,-1,True
RYRQVLSPL,HLA_C_14_02,-1,True
RYRRLIQIL,HLA_C_06_02,-1,True
RYRRLIQIL,HLA_C_07_02,-1,True
RYVGLYLPF,HLA_C_14_02,-1,True
RYWRLRYRI,HLA_A_31_01,-1,True
RYWYFAAEL,HLA_C_14_02,-1,True
RYYLSFFHI,HLA_C_14_02,-1,True
SADASTFLK,HLA_A_11_01,-1,True
SAEPVPLQL,HLA_C_07_02,-1,True
SAFGGGNAF,HLA_C_03_03,-1,True
SAFRCFIVY,HLA_B_35_01,-1,True
SALANPIGK,HLA_A_11_01,-1,True
SALTLHWFR,HLA_A_31_01,-1,True
SARNKLFKR,HLA_A_31_01,-1,True
SASLAALFY,HLA_B_35_01,0,False
SEFSSLPSY,HLA_B_15_01,-1,True
SFIISTLNK,HLA_A_11_01,-1,True
SFIISTLNK,HLA_A_31_01,-1,True
SFIMRNFLR,HLA_A_31_01,-1,True
SFLHWFHHL,HLA_C_14_02,-1,True
SGCYIHFFR,HLA_A_31_01,-1,True
SICSTMTNR,HLA_A_31_01,-1,True
SIFEQWLRR,HLA_A_11_01,-1,True
SIFGFQAEV,HLA_A_02_01,-1,True
SIFQSSMTK,HLA_A_11_01,-1,True
SIHLTKTDK,HLA_A_03_01,-1,True
SIIIPFIAY,HLA_A_11_01,-1,True
SIIPSGPLK,HLA_A_11_01,-1,True
SIISLFYTF,HLA_B_15_01,0,False
SIIVLFQRF,HLA_B_15_01,-1,True
SILLSSLLK,HLA_A_03_01,-1,True
SILSLETVK,HLA_A_11_01,-1,True
SIMAFILGI,HLA_A_02_01,0,False
SIMAFILGI,HLA_A_68_02,0,False
SINNIDPHF,HLA_B_15_01,-1,True
SIQKNTIFK,HLA_A_11_01,-1,True
SISEINEWL,HLA_A_68_02,-1,True
SISGVLWTV,HLA_A_68_02,-1,True
SIVCIVAAV,HLA_A_68_02,-1,True
SIYSRPKIK,HLA_A_03_01,-1,True
SIYSRPKIK,HLA_A_11_01,-1,True
SLAGGIIGV,HLA_A_02_01,0,False
SLDVINYLI,HLA_A_02_01,-1,True
SLFDCIVPV,HLA_A_02_01,-1,True
SLFKNVRLL,HLA_C_06_02,-1,True
SLFKNVRLL,HLA_C_12_03,-1,True
SLFRAVITK,HLA_A_03_01,-1,True
SLFRAVITK,HLA_A_11_01,-1,True
SLIYLCTFM,HLA_B_15_01,-1,True
SLLGSALLK,HLA_A_03_01,-1,True
SLLRSTSQK,HLA_A_03_01,-1,True
SLLYLILFL,HLA_A_02_01,0,False
SLMSRVVYK,HLA_A_31_01,-1,True
SLNLTIVSV,HLA_A_02_01,0,False
SLNSIFNTF,HLA_B_15_01,0,False
SLNTSTLGF,HLA_B_15_01,0,False
SLYAVTTAV,HLA_C_12_03,-1,True
SLYKYLLLR,HLA_A_31_01,-1,True
SLYWAIRTL,HLA_C_06_02,-1,True
SMASLKSLY,HLA_A_03_01,-1,True
SMFDSWGPF,HLA_C_07_02,-1,True
SMFDSWGPF,HLA_C_12_03,-1,True
SMFDSWGPF,HLA_C_14_02,-1,True
SMFWDGMDY,HLA_A_03_01,-1,True
SMFWDGMDY,HLA_A_11_01,-1,True
SMFYGIFPS,HLA_A_02_01,-1,True
SMGFKVTTR,HLA_A_31_01,-1,True
SMINYYNEM,HLA_B_15_01,-1,True
SMKTVFQVF,HLA_B_15_01,-1,True
SMKYLMLLF,HLA_B_15_01,-1,True
SMLNIMNRR,HLA_A_31_01,-1,True
SMMGFKMNY,HLA_A_03_01,-1,True
SMMVILPDK,HLA_A_11_01,-1,True
SMNVAVIDK,HLA_A_11_01,-1,True
SMSSYDFST,HLA_A_02_01,-1,True
SMTIREFPR,HLA_A_31_01,-1,True
SMVKLPIFL,HLA_A_02_01,-1,True
SMWALVISV,HLA_A_02_01,0,False
SPAAAQKAT,HLA_B_07_02,-1,True
SPARLASAI,HLA_B_07_02,-1,True
SPASFFSSW,HLA_B_53_01,0,False
SPATLLLVL,HLA_B_07_02,-1,True
SPATLLLVL,HLA_B_51_01,0,False
SPATLLLVL,HLA_B_53_01,0,False
SPETQQMII,HLA_B_51_01,-1,True
SPETQQMII,HLA_B_53_01,-1,True
SPGTSGSPI,HLA_B_07_02,-1,True
SPGYVLGVF,HLA_B_07_02,-1,True
SPKRLATAI,HLA_B_07_02,-1,True
SPKRLSAAI,HLA_B_07_02,-1,True
SPPIPMSRL,HLA_B_07_02,-1,True
SPRLKAICI,HLA_B_07_02,-1,True
SPRRARRAL,HLA_B_07_02,-1,True
SPRWYFYYL,HLA_B_07_02,-1,True
SPVLRLFFL,HLA_B_07_02,-1,True
SPVMGVIGF,HLA_B_35_01,-1,True
SPYNSQNAV,HLA_B_07_02,-1,True
SPYNSQNAV,HLA_B_51_01,-1,True
SQDDNYFTL,HLA_C_03_03,-1,True
SQHNYRPGY,HLA_B_15_01,-1,True
SQHNYRQGY,HLA_B_15_01,-1,True
SQIETGTPF,HLA_B_15_01,-1,True
SQIITLTAF,HLA_B_15_01,-1,True
SQIRRFNLR,HLA_A_31_01,-1,True
SQLAKRFSR,HLA_A_31_01,-1,True
SQMLLIVLK,HLA_A_11_01,-1,True
SQVKCCHYF,HLA_B_15_01,-1,True
SRYFGNVRL,HLA_C_06_02,-1,True
SSGVFHSYK,HLA_A_31_01,-1,True
SSIIRSLPK,HLA_A_11_01,-1,True
SSKQYPAGR,HLA_A_31_01,-1,True
SSKVFLKAF,HLA_B_15_01,-1,True
SSVQLSNNK,HLA_A_11_01,-1,True
STCFKLMLK,HLA_A_03_01,-1,True
STCFKLMLK,HLA_A_11_01,-1,True
STCMMCYKR,HLA_A_31_01,-1,True
STCYVFGLY,HLA_A_11_01,-1,True
STFWPCLLR,HLA_A_31_01,-1,True
STIFDIVSK,HLA_A_11_01,-1,True
STISWMMKL,HLA_A_68_02,0,False
STITNEFCV,HLA_A_68_02,-1,True
STLNFNNLR,HLA_A_11_01,-1,True
STLNFNNLR,HLA_A_31_01,-1,True
STMTLLCLI,HLA_A_68_02,-1,True
STQSVLCVK,HLA_A_11_01,-1,True
STSPTRTWK,HLA_A_03_01,-1,True
STSPTRTWK,HLA_A_11_01,-1,True
STYGWNIVK,HLA_A_03_01,-1,True
STYGWNLVR,HLA_A_31_01,-1,True
STYPGNTFV,HLA_A_68_02,0,False
STYSDICSK,HLA_A_11_01,-1,True
STYWLMAGL,HLA_A_68_02,0,False
STYYVHENK,HLA_A_03_01,-1,True
STYYVHENK,HLA_A_11_01,-1,True
SVAHSAYEL,HLA_A_68_02,-1,True
SVFEGIRAY,HLA_B_35_01,-1,True
SVFKGFSDK,HLA_A_03_01,-1,True
SVFKGFSDK,HLA_A_11_01,-1,True
SVFSRPLPL,HLA_A_02_01,-1,True
SVFTSVRRK,HLA_A_03_01,-1,True
SVIDHIHYM,HLA_C_06_02,-1,True
SVIDHIHYM,HLA_C_14_02,-1,True
SVIFYFISI,HLA_A_68_02,0,False
SVKGLTPSK,HLA_A_03_01,-1,True
SVKKDLISY,HLA_B_15_01,-1,True
SVMEVYDGR,HLA_A_11_01,-1,True
SVNEYHMLK,HLA_A_03_01,-1,True
SVNEYHMLK,HLA_A_11_01,-1,True
SVNEYHMLK,HLA_A_31_01,-1,True
SVQWFRLPR,HLA_A_31_01,-1,True
SVSDSHVYK,HLA_A_11_01,-1,True
SVSLVLVGV,HLA_A_68_02,0,False
SVTKSSSWK,HLA_A_03_01,-1,True
SVTKSSSWK,HLA_A_11_01,-1,True
SWLYNYFVF,HLA_C_14_02,-1,True
SYCNGVREL,HLA_C_06_02,-1,True
SYHDRRWCF,HLA_C_07_02,-1,True
SYIRYFTVF,HLA_C_07_02,-1,True
SYIRYFTVF,HLA_C_14_02,-1,True
SYLIRALTL,HLA_C_07_02,-1,True
SYMSTFPLF,HLA_C_14_02,-1,True
SYSTPALTL,HLA_C_07_02,-1,True
SYWVRANFK,HLA_A_31_01,-1,True
TAAIMLASY,HLA_B_35_01,-1,True
TALFSGVSW,HLA_B_53_01,-1,True
TATLILAGV,HLA_A_68_02,0,False
TAVDFGNSY,HLA_B_35_01,-1,True
TAYCPLQHW,HLA_B_53_01,-1,True
TFIDVHIPK,HLA_A_11_01,-1,True
TFIDVHIPK,HLA_A_31_01,-1,True
TFKVPHAKR,HLA_A_31_01,-1,True
TFMDHVLRY,HLA_C_14_02,-1,True
TIAVITETI,HLA_A_68_02,-1,True
TICLKNEGV,HLA_A_68_02,-1,True
TIERIFNAK,HLA_A_11_01,-1,True
TIQRFSSLR,HLA_A_31_01,-1,True
TIYSHLLLV,HLA_A_02_01,0,False
TLAPFNFLV,HLA_A_02_01,0,False
TLFRVVVAK,HLA_A_03_01,-1,True
TLGLSAMST,HLA_A_02_01,-1,True
TLIDIWFLA,HLA_A_02_01,-1,True
TLLAVSGVY,HLA_B_15_01,0,False
TLLGLILFV,HLA_A_02_01,0,False
TLLSLTFIK,HLA_A_03_01,-1,True
TLMAAILAY,HLA_B_15_01,0,False
TLMNVITLV,HLA_A_02_01,-1,True
TLNHVLALK,HLA_A_03_01,-1,True
TLNHVLALK,HLA_A_11_01,-1,True
TLSERISSK,HLA_A_03_01,-1,True
TLSERISSK,HLA_A_11_01,-1,True
TLSSPSPSA,HLA_A_02_01,0,False
TLWVDPYEV,HLA_A_02_01,-1,True
TLWYMWQVK,HLA_A_03_01,-1,True
TLYAVATTF,HLA_B_15_01,-1,True
TLYDFDYYI,HLA_A_02_01,-1,True
TLYDRYLIH,HLA_A_03_01,-1,True
TLYVKALTK,HLA_A_03_01,-1,True
TMDPSVRVL,HLA_C_03_03,-1,True
TMFLITENK,HLA_A_03_01,-1,True
TMLFTMLRK,HLA_A_03_01,-1,True
TMSLVMAWR,HLA_A_31_01,-1,True
TMYDKILSY,HLA_A_03_01,-1,True
TMYDKILSY,HLA_A_11_01,-1,True
TNAEFTFQL,HLA_A_68_02,-1,True
TPAEVSIVV,HLA_B_51_01,0,False
TPEGIIPSM,HLA_B_35_01,-1,True
TPESKIRFV,HLA_B_51_01,-1,True
TPIAYRNVL,HLA_B_07_02,-1,True
TPIAYRNVL,HLA_B_51_01,-1,True
TPMFNDINI,HLA_B_51_01,-1,True
TPNLAKRVL,HLA_B_07_02,-1,True
TPQAPTSEI,HLA_B_07_02,-1,True
TPQDNQLIY,HLA_B_35_01,-1,True
TPQPMELKY,HLA_B_53_01,-1,True
TPRGAVMDI,HLA_B_07_02,-1,True
TPRGTVMDI,HLA_B_07_02,-1,True
TPRRGTGTT,HLA_B_07_02,-1,True
TPRSPSVEV,HLA_B_07_02,-1,True
TPTGTVMDI,HLA_B_53_01,0,False
TPTWNRKEL,HLA_B_07_02,-1,True
TPVEIVVDM,HLA_B_35_01,-1,True
TPVIVVPVI,HLA_B_51_01,-1,True
TPVIVVPVI,HLA_B_53_01,-1,True
TPVSMTYLY,HLA_B_35_01,0,False
TQFAGVVTV,HLA_A_02_01,0,False
TQFAGVVTV,HLA_C_12_03,-1,True
TQSVLCVKK,HLA_A_11_01,-1,True
TRAPAPFPL,HLA_C_07_02,-1,True
TRSFTTHFL,HLA_C_06_02,-1,True
TRYYWDIHL,HLA_C_06_02,-1,True
TSAWVMYGT,HLA_A_68_02,0,False
TSFGPLVRK,HLA_A_03_01,-1,True
TSFGPLVRK,HLA_A_11_01,-1,True
TSHNILVEV,HLA_A_68_02,-1,True
TSLSLDYAW,HLA_B_53_01,-1,True
TSVDLNAPV,HLA_A_68_02,0,False
TTAFFNTCK,HLA_A_11_01,-1,True
TTANISLTA,HLA_A_68_02,0,False
TTANWLWAL,HLA_A_68_02,0,False
TTATITPQA,HLA_A_68_02,0,False
TTDLEAYFK,HLA_A_11_01,-1,True
TTHFQRALI,HLA_A_68_02,0,False
TTHSWIPKR,HLA_A_31_01,-1,True
TTIKPVSYK,HLA_A_03_01,-1,True
TTIKPVSYK,HLA_A_11_01,-1,True
TTINFTRQR,HLA_A_11_01,-1,True
TTINYTLWR,HLA_A_11_01,-1,True
TTKDYFSFK,HLA_A_11_01,-1,True
TTKDYFSFK,HLA_A_31_01,-1,True
TTLEQQYNK,HLA_A_11_01,-1,True
TTLSLDYAW,HLA_B_53_01,-1,True
TTNIWLKLR,HLA_A_31_01,-1,True
TTNIWMKFR,HLA_A_31_01,-1,True
TTRLLSSTR,HLA_A_31_01,-1,True
TTSDFFVNY,HLA_A_11_01,-1,True
TTVNTLSER,HLA_A_31_01,-1,True
TTYDFLARK,HLA_A_11_01,-1,True
TTYMDTFFR,HLA_A_11_01,-1,True
TTYQRTRAL,HLA_C_06_02,-1,True
TTYVYTLPV,HLA_C_14_02,-1,True
TVAPPAPVY,HLA_B_35_01,-1,True
TVAWRTATL,HLA_B_07_02,-1,True
TVFYNIPPM,HLA_C_14_02,-1,True
TVGYMYIMK,HLA_A_11_01,-1,True
TVIKTLLEV,HLA_A_68_02,0,False
TVLSFCAFA,HLA_A_68_02,-1,True
TVNPIVTEK,HLA_A_03_01,-1,True
TVNPIVTEK,HLA_A_11_01,-1,True
TVSPSAPTY,HLA_B_35_01,0,False
TVWEVQGYK,HLA_A_03_01,-1,True
TVWEVQGYK,HLA_A_11_01,-1,True
TVWNRLIAR,HLA_A_31_01,-1,True
TVYPKTHYV,HLA_C_06_02,-1,True
TYLQSLASL,HLA_C_14_02,-1,True
TYLYNKYSF,HLA_C_14_02,-1,True
VAAHNAEAM,HLA_C_03_03,-1,True
VAAKGAPAL,HLA_C_03_03,-1,True
VAANIVLTV,HLA_C_12_03,-1,True
VAFLRFLTI,HLA_B_51_01,-1,True
VAFYCAGRF,HLA_C_12_03,-1,True
VAIDRPAEV,HLA_C_03_03,-1,True
VAIDRPAEV,HLA_C_12_03,-1,True
VALENQHTI,HLA_B_51_01,-1,True
VALFSSCPV,HLA_C_03_03,-1,True
VALLRTYCI,HLA_B_51_01,-1,True
VALLVGEKV,HLA_B_51_01,-1,True
VALYRRIQR,HLA_A_31_01,-1,True
VATVNAVTV,HLA_C_12_03,-1,True
VAVSFVTLI,HLA_B_51_01,-1,True
VAWRTATLI,HLA_B_51_01,-1,True
VAYHFHEPL,HLA_C_03_03,-1,True
VFLPNTHNL,HLA_C_14_02,-1,True
VGYYTFHPK,HLA_A_03_01,-1,True
VILNYIPVL,HLA_A_02_01,0,False
VISVIFYFI,HLA_A_68_02,0,False
VIYEAVIHL,HLA_C_14_02,-1,True
VLAFITFLR,HLA_A_31_01,-1,True
VLAGWLFHV,HLA_A_02_01,0,False
VLALYSPPL,HLA_A_02_01,-1,True
VLARWGTFK,HLA_A_03_01,-1,True
VLAWLYAAV,HLA_A_02_01,-1,True
VLAYMLFTK,HLA_A_03_01,-1,True
VLAYMLFTK,HLA_A_11_01,-1,True
VLCVKKFYK,HLA_A_31_01,-1,True
VLDTTLYAV,HLA_A_02_01,-1,True
VLFEVFVVF,HLA_B_15_01,-1,True
VLFSGPSPL,HLA_A_02_01,0,False
VLGGCRHKL,HLA_A_02_01,-1,True
VLGLGLSLK,HLA_A_03_01,-1,True
VLHKRTLGL,HLA_A_02_01,-1,True
VLIGRRWFR,HLA_A_31_01,-1,True
VLLGSLGCK,HLA_A_03_01,-1,True
VLLTYFCFV,HLA_A_02_01,-1,True
VLMHPDFCK,HLA_A_03_01,-1,True
VLMHPDFCK,HLA_A_11_01,-1,True
VLMIKALEL,HLA_A_02_01,-1,True
VLNFYTTFV,HLA_A_02_01,-1,True
VLWAHGFEL,HLA_A_02_01,-1,True
VLYNGVNYL,HLA_A_02_01,0,False
VMAFIAFLR,HLA_A_31_01,-1,True
VMAPRTLIL,HLA_C_12_03,-1,True
VMAPRTLIL,HLA_C_14_02,-1,True
VMAPRTLVL,HLA_C_14_02,-1,True
VMCGGSLYV,HLA_A_02_01,0,False
VMHINSPFK,HLA_A_03_01,-1,True
VMHINSPFK,HLA_A_11_01,-1,True
VMKRYSAPF,HLA_B_15_01,-1,True
VMPPRTLLL,HLA_C_14_02,-1,True
VMRSRWSRK,HLA_A_03_01,-1,True
VMTKWCAPF,HLA_B_15_01,-1,True
VMVMVGATM,HLA_B_15_01,0,False
VMYNLWKMK,HLA_A_31_01,-1,True
VPALTIACM,HLA_B_35_01,0,False
VPAWLPLGI,HLA_B_51_01,-1,True
VPFPVVNAM,HLA_B_35_01,0,False
VPFVVFLVA,HLA_B_07_02,-1,True
VPHAKRQDV,HLA_B_07_02,-1,True
VPHISRQRL,HLA_B_07_02,-1,True
VPHVIEEVM,HLA_B_35_01,-1,True
VPINVAEAY,HLA_B_35_01,-1,True
VPISHLYIL,HLA_B_07_02,-1,True
VPISHLYIL,HLA_B_51_01,0,False
VPKIFIDNI,HLA_B_51_01,-1,True
VPLAHSSSA,HLA_B_51_01,-1,True
VPLPCQLMY,HLA_B_35_01,0,False
VPLPCQLMY,HLA_B_53_01,0,False
VPLVQQQQF,HLA_B_53_01,-1,True
VPMEKLKAL,HLA_B_07_02,-1,True
VPMVTQMAM,HLA_B_07_02,-1,True
VPMVTQMAM,HLA_B_53_01,-1,True
VPPLVPKVL,HLA_B_51_01,-1,True
VPSAEDNYL,HLA_B_53_01,-1,True
VPSHISSLI,HLA_B_51_01,-1,True
VPSHISSLI,HLA_B_53_01,0,False
VPTNDHIPV,HLA_B_07_02,-1,True
VPTNDHIPV,HLA_B_51_01,-1,True
VPVSLVNSI,HLA_B_51_01,0,False
VPWSKILAY,HLA_B_51_01,-1,True
VPWSKILAY,HLA_B_53_01,-1,True
VRFPNITNL,HLA_C_14_02,-1,True
VRKCLQLIF,HLA_C_07_02,-1,True
VSFICTTIL,HLA_C_12_03,-1,True
VSFSPSLTF,HLA_B_15_01,0,False
VSMMSMYGK,HLA_A_11_01,-1,True
VSMTYLYNK,HLA_A_11_01,-1,True
VSMTYLYNK,HLA_A_31_01,-1,True
VSVDAMIHK,HLA_A_11_01,-1,True
VTAASPMLY,HLA_A_11_01,-1,True
VTDEGTSSF,HLA_C_06_02,-1,True
VTFFCVMTY,HLA_C_12_03,-1,True
VTFKNAHAK,HLA_A_03_01,-1,True
VTFKTAHAK,HLA_A_03_01,-1,True
VTFNGQVFK,HLA_A_11_01,-1,True
VTFRERYSY,HLA_A_11_01,-1,True
VTLFFLSGK,HLA_A_03_01,-1,True
VTNDGVIFF,HLA_C_12_03,-1,True
VTNPAVLRK,HLA_A_03_01,-1,True
VTRKCPQKK,HLA_A_03_01,-1,True
VTSSGAIYK,HLA_A_11_01,-1,True
VTSSGTIYK,HLA_A_03_01,-1,True
VTSSGTIYK,HLA_A_11_01,-1,True
VTSSGTIYK,HLA_A_31_01,-1,True
VVAANRSAF,HLA_C_14_02,-1,True
VVFLHVTYV,HLA_A_68_02,0,False
VVGACGVGK,HLA_A_03_01,-1,True
VVGAVGVGK,HLA_A_03_01,-1,True
VVLASLIYR,HLA_A_11_01,-1,True
VVMAYVGIK,HLA_A_11_01,-1,True
VVNDFTVSY,HLA_B_35_01,-1,True
VVRPPFNML,HLA_B_07_02,-1,True
VVSTGYHFR,HLA_A_31_01,-1,True
VVYDAKFEK,HLA_A_03_01,-1,True
VVYRGTTTY,HLA_A_03_01,-1,True
VYQRGTHPF,HLA_C_14_02,-1,True
WAASAETPL,HLA_B_35_01,-1,True
WAASAETPL,HLA_C_03_03,-1,True
WAKAHWRAL,HLA_C_12_03,-1,True
WALDVPMYF,HLA_C_03_03,-1,True
WATLLSLTF,HLA_B_53_01,0,False
WAWPFAAVL,HLA_C_12_03,-1,True
WAYHGSYEV,HLA_B_51_01,0,False
WCMQHLPSY,HLA_B_35_01,0,False
WFYDNDNPY,HLA_B_35_01,-1,True
WIFEIATPL,HLA_B_35_01,0,False
WIMKIGIGV,HLA_A_68_02,0,False
WLDSVIQYL,HLA_C_03_03,-1,True
WLGHPFTPV,HLA_A_02_01,-1,True
WLIGFDFDV,HLA_A_02_01,-1,True
WLMKNMDPL,HLA_A_68_02,-1,True
WLMKYPYQL,HLA_A_02_01,-1,True
WLYGYNFII,HLA_A_02_01,0,False
WMACHSAAF,HLA_C_14_02,-1,True
WMACNSAAF,HLA_B_35_01,-1,True
WMIRILIGF,HLA_B_15_01,-1,True
WMMAMRYPI,HLA_A_02_01,-1,True
WMYEGKHVL,HLA_C_06_02,-1,True
WMYEGKHVL,HLA_C_07_02,-1,True
WMYNIQPYL,HLA_C_03_03,-1,True
WMYNIQPYL,HLA_C_12_03,-1,True
WMYYPRSPV,HLA_C_14_02,-1,True
WPDVFSVSV,HLA_B_35_01,-1,True
WPLLPHVIF,HLA_B_51_01,0,False
WPNNCGWKI,HLA_B_53_01,-1,True
WPTPKTHPV,HLA_C_14_02,-1,True
WPVLGSEVL,HLA_B_35_01,-1,True
WSLMYFHRR,HLA_A_31_01,-1,True
WSYYCGGLK,HLA_A_03_01,-1,True
WSYYMATLK,HLA_A_03_01,-1,True
WTFTPTTPL,HLA_C_03_03,-1,True
WTFTPTTPL,HLA_C_12_03,-1,True
WTFTPTTPL,HLA_C_14_02,-1,True
WTLMYFHRR,HLA_A_31_01,-1,True
WTMKIGIGI,HLA_A_68_02,-1,True
WTMKIGIGV,HLA_A_68_02,0,False
WTMKILIGV,HLA_A_68_02,-1,True
WVAEIQPQW,HLA_B_53_01,-1,True
WVMDTLNGI,HLA_A_68_02,0,False
WVMKIGIGV,HLA_A_68_02,-1,True
WWLEYTASF,HLA_C_14_02,-1,True
YAAPQLFPV,HLA_C_12_03,-1,True
YADHGANQL,HLA_B_35_01,-1,True
YAFSKYMSF,HLA_B_15_01,-1,True
YAINPWMDV,HLA_C_03_03,-1,True
YAIYTLGEM,HLA_C_03_03,-1,True
YAKFARITL,HLA_C_12_03,-1,True
YALATQVEF,HLA_B_35_01,-1,True
YALATQVEF,HLA_C_03_03,-1,True
YALPSAGAF,HLA_C_03_03,-1,True
YALPSAGAF,HLA_C_07_02,-1,True
YALPSAGAF,HLA_C_14_02,-1,True
YALTEYHAM,HLA_C_03_03,-1,True
YAMAIRQAI,HLA_C_06_02,-1,True
YAMAIRQAI,HLA_C_12_03,-1,True
YAMAIRQAI,HLA_C_14_02,-1,True
YAMCLNTFV,HLA_A_68_02,0,False
YAMCTNTFV,HLA_A_68_02,0,False
YANMWSLMY,HLA_B_35_01,-1,True
YAQMWSLMY,HLA_B_15_01,-1,True
YAQMWSLMY,HLA_B_35_01,0,False
YAQMWTLMY,HLA_B_15_01,0,False
YAQMWTLMY,HLA_B_35_01,-1,True
YAQMWTLMY,HLA_C_12_03,-1,True
YARNFLIPF,HLA_C_12_03,-1,True
YARNFLIPF,HLA_C_14_02,-1,True
YARRYFYPL,HLA_C_07_02,-1,True
YATQTVGPW,HLA_B_53_01,-1,True
YAYEPGSVM,HLA_C_03_03,-1,True
YAYEPGSVM,HLA_C_06_02,-1,True
YAYEPGSVM,HLA_C_07_02,-1,True
YAYEPGSVM,HLA_C_12_03,-1,True
YAYEPGSVM,HLA_C_14_02,-1,True
YAYNSSLLY,HLA_B_35_01,0,False
YFIFVRAIL,HLA_C_12_03,-1,True
YFIKHVLAF,HLA_B_15_01,0,False
YGIAAHWSY,HLA_B_35_01,0,False
YGIPFPGSL,HLA_C_03_03,-1,True
YGLERLAAM,HLA_C_07_02,-1,True
YIFFASFYY,HLA_A_03_01,0,False
YIFFASFYY,HLA_A_11_01,-1,True
YIFRNTINM,HLA_C_14_02,-1,True
YIIKNTFNV,HLA_A_02_01,-1,True
YIIPCILIL,HLA_C_03_03,-1,True
YIIPCILIL,HLA_C_12_03,-1,True
YIISTHYQF,HLA_C_14_02,-1,True
YIITCCLFA,HLA_A_02_01,0,False
YILCNMALL,HLA_A_02_01,-1,True
YISPIFIPM,HLA_C_03_03,-1,True
YIVGYYSAL,HLA_C_03_03,-1,True
YIYGIPLSL,HLA_C_03_03,-1,True
YIYTRSFQM,HLA_A_02_01,-1,True
YIYTRSFQM,HLA_C_07_02,-1,True
YLACELLPA,HLA_A_02_01,-1,True
YLACKQHAL,HLA_C_03_03,-1,True
YLAEGHACL,HLA_C_03_03,-1,True
YLAGAGLAF,HLA_B_15_01,0,False
YLAGAGLAF,HLA_B_35_01,0,False
YLAGAGLAF,HLA_C_14_02,-1,True
YLAGAGLLF,HLA_B_15_01,0,False
YLALIATFK,HLA_A_03_01,-1,True
YLALLAAFK,HLA_A_03_01,-1,True
YLALMATFK,HLA_A_03_01,-1,True
YLANGGFLI,HLA_A_02_01,0,False
YLARYSGSM,HLA_C_12_03,-1,True
YLARYSGSM,HLA_C_14_02,-1,True
YLCEDTITY,HLA_B_35_01,-1,True
YLCFLAFLL,HLA_A_02_01,0,False
YLDAIQQPV,HLA_C_03_03,-1,True
YLDFLLLLL,HLA_A_02_01,-1,True
YLDYDTIYV,HLA_A_02_01,-1,True
YLFNAIETM,HLA_B_15_01,-1,True
YLHDPLTPY,HLA_C_12_03,-1,True
YLIGGSATL,HLA_C_03_03,-1,True
YLIIGILTL,HLA_C_03_03,-1,True
YLINKHWQR,HLA_A_31_01,-1,True
YLIPAVTSL,HLA_C_03_03,-1,True
YLIPSVTSL,HLA_C_03_03,-1,True
YLLCCNYKL,HLA_A_02_01,-1,True
YLLFNHFSV,HLA_A_02_01,0,False
YLLGDSDSV,HLA_A_02_01,-1,True
YLLVKWIRK,HLA_A_03_01,-1,True
YLLVKWYRK,HLA_A_03_01,-1,True
YLLVKWYRK,HLA_A_11_01,-1,True
YLMAWKQVL,HLA_A_02_01,0,False
YLMAWKQVL,HLA_C_12_03,-1,True
YLMCLSPLM,HLA_A_02_01,0,False
YLMPYSVYI,HLA_A_02_01,-1,True
YLMPYSVYI,HLA_C_06_02,-1,True
YLNDFAQLL,HLA_C_06_02,-1,True
YLNKIQNSL,HLA_C_03_03,-1,True
YLPEVISTI,HLA_A_02_01,-1,True
YLPEVISTI,HLA_C_03_03,-1,True
YLQQNTHTL,HLA_C_12_03,-1,True
YLREHIRAM,HLA_C_06_02,-1,True
YLREHIRAM,HLA_C_14_02,-1,True
YLRKHIRAL,HLA_C_06_02,-1,True
YLRKHIRAL,HLA_C_12_03,-1,True
YLRKHIRAL,HLA_C_14_02,-1,True
YLRNAGAAM,HLA_C_14_02,-1,True
YLRNYMVIK,HLA_A_03_01,-1,True
YLRQRQVAL,HLA_C_03_03,-1,True
YLSAKVYML,HLA_A_02_01,-1,True
YLSIYGFGV,HLA_A_02_01,0,False
YLSPFKLTY,HLA_B_35_01,0,False
YLSSVLLAL,HLA_A_02_01,0,False
YLSSWTPVV,HLA_A_02_01,-1,True
YLVDCGAEL,HLA_C_03_03,-1,True
YLYALIYFL,HLA_A_02_01,-1,True
YLYALYSPL,HLA_A_02_01,-1,True
YLYASFCTV,HLA_C_12_03,-1,True
YLYDETQDV,HLA_C_06_02,-1,True
YLYETYHLI,HLA_C_12_03,-1,True
YLYLRPYAL,HLA_C_12_03,-1,True
YLYLRPYAL,HLA_C_14_02,-1,True
YLYNKYSFK,HLA_A_03_01,-1,True
YLYNKYSFK,HLA_A_11_01,-1,True
YLYPWSLGL,HLA_C_12_03,-1,True
YLYQPCDLL,HLA_A_02_01,-1,True
YMATTILEM,HLA_B_15_01,-1,True
YMHGSIHEV,HLA_C_12_03,-1,True
YMIERFISF,HLA_B_15_01,-1,True
YMIGYTAYY,HLA_C_14_02,-1,True
YMKAPSGAL,HLA_C_12_03,-1,True
YMKERFTVL,HLA_C_06_02,-1,True
YMKERFTVL,HLA_C_14_02,-1,True
YMKFFGNFK,HLA_A_03_01,-1,True
YMKPGSSPL,HLA_C_14_02,-1,True
YMLDMTFPV,HLA_C_14_02,-1,True
YMMGIEYGL,HLA_A_02_01,-1,True
YMNGTMSQV,HLA_C_03_03,-1,True
YMNGTMSQV,HLA_C_12_03,-1,True
YMQQVSEGL,HLA_C_03_03,-1,True
YMRERFEPM,HLA_C_03_03,-1,True
YMRERFEPM,HLA_C_06_02,-1,True
YMRERFEPM,HLA_C_12_03,-1,True
YMRERLSDF,HLA_C_06_02,-1,True
YMRERLSDF,HLA_C_12_03,-1,True
YMRERLSDF,HLA_C_14_02,-1,True
YMREVGAAL,HLA_C_14_02,-1,True
YMVVDGSVM,HLA_B_15_01,-1,True
YMWLGARYL,HLA_C_07_02,-1,True
YMWQVKTQR,HLA_A_31_01,-1,True
YMYAVSGAL,HLA_C_12_03,-1,True
YMYQYIQEL,HLA_C_06_02,-1,True
YMYRVWSPL,HLA_C_14_02,-1,True
YNIDRLNAL,HLA_C_12_03,-1,True
YPALETIQV,HLA_B_51_01,-1,True
YPALMPLYA,HLA_B_51_01,-1,True
YPCTVNFTI,HLA_B_51_01,-1,True
YPCTVNFTI,HLA_B_53_01,-1,True
YPDRLRLSV,HLA_B_07_02,-1,True
YPGNTFVNF,HLA_B_07_02,-1,True
YPGNTFVNF,HLA_B_35_01,-1,True
YPGNTFVNF,HLA_B_53_01,-1,True
YPITGVKSL,HLA_B_35_01,-1,True
YPIVIAPAM,HLA_B_07_02,-1,True
YPIVIAPAM,HLA_B_35_01,0,False
YPIVKGFAV,HLA_B_07_02,-1,True
YPIVKGFAV,HLA_B_35_01,-1,True
YPIVKGFAV,HLA_B_51_01,-1,True
YPKFHRSAM,HLA_C_14_02,-1,True
YPLAIPVTM,HLA_B_35_01,0,False
YPLAIPVTM,HLA_B_51_01,0,False
YPLAIPVTM,HLA_B_53_01,-1,True
YPLSIPATL,HLA_B_07_02,-1,True
YPLSIPATL,HLA_B_51_01,0,False
YPLSIPATL,HLA_B_53_01,-1,True
YPMSIPATL,HLA_B_07_02,-1,True
YPMSIPATL,HLA_B_35_01,0,False
YPMSIPATL,HLA_B_51_01,0,False
YPMSIPATL,HLA_B_53_01,0,False
YPNSSDLDM,HLA_B_53_01,-1,True
YPRYPGVRC,HLA_B_07_02,-1,True
YPWAIFHPH,HLA_B_07_02,-1,True
YPWAIFHPH,HLA_B_35_01,-1,True
YPYQLMLSL,HLA_C_14_02,-1,True
YPYSDDLTI,HLA_B_51_01,-1,True
YPYSSSARF,HLA_B_07_02,-1,True
YPYSSSARF,HLA_C_14_02,-1,True
YQAFRTKVH,HLA_C_12_03,-1,True
YQAGISAAL,HLA_C_03_03,-1,True
YQFTGIKKY,HLA_C_12_03,-1,True
YQLEMYHPI,HLA_A_02_01,-1,True
YQLEMYHPI,HLA_C_14_02,-1,True
YQNEVTPEY,HLA_B_35_01,-1,True
YQNHGFVSF,HLA_B_15_01,-1,True
YQNKVVKVL,HLA_B_15_01,-1,True
YQSMIRPPY,HLA_C_14_02,-1,True
YQTYVSPGA,HLA_A_02_01,-1,True
YQVKYVSPV,HLA_C_12_03,-1,True
YQVKYVSPV,HLA_C_14_02,-1,True
YQVLVMVPK,HLA_A_11_01,-1,True
YQVPFVQAF,HLA_C_12_03,-1,True
YRATYSMAL,HLA_C_06_02,-1,True
YRATYSMAL,HLA_C_07_02,-1,True
YRFNLRRKM,HLA_C_06_02,-1,True
YRFRFRSVY,HLA_C_07_02,-1,True
YRHKNYYAL,HLA_C_07_02,-1,True
YRHKVVKVM,HLA_C_06_02,-1,True
YRSDIVGTY,HLA_C_06_02,-1,True
YRSDIVGTY,HLA_C_07_02,-1,True
YRSMIAFKL,HLA_C_07_02,-1,True
YRTATLRTL,HLA_C_06_02,-1,True
YRTLGVFRY,HLA_C_07_02,-1,True
YRTLLMNEL,HLA_C_06_02,-1,True
YRVRNVQTL,HLA_C_06_02,-1,True
YRYCHQLAL,HLA_C_03_03,-1,True
YRYCHQLAL,HLA_C_06_02,-1,True
YRYCHQLAL,HLA_C_07_02,-1,True
YRYCHQLAL,HLA_C_12_03,-1,True
YRYSLSSDL,HLA_C_06_02,-1,True
YSAEALLPY,HLA_C_12_03,-1,True
YSALRPHEY,HLA_C_12_03,-1,True
YSFSRAYTL,HLA_C_06_02,-1,True
YSFSRAYTL,HLA_C_07_02,-1,True
YSKLTSMHF,HLA_B_15_01,-1,True
YSKPWMAFF,HLA_C_12_03,-1,True
YSLAGSSPF,HLA_C_03_03,-1,True
YSLAGSSPF,HLA_C_14_02,-1,True
YSLMSRYQF,HLA_C_14_02,-1,True
YSQGAFTPL,HLA_C_03_03,-1,True
YSRPWNWTF,HLA_C_07_02,-1,True
YTASVVAAY,HLA_C_14_02,-1,True
YTAVVPLVY,HLA_C_12_03,-1,True
YTFAISYCR,HLA_A_11_01,-1,True
YTFAISYCR,HLA_A_31_01,-1,True
YTFCGTIEY,HLA_C_12_03,-1,True
YTFEPHYFY,HLA_C_14_02,-1,True
YTFFFTQYF,HLA_C_12_03,-1,True
YTFFFTQYF,HLA_C_14_02,-1,True
YTFFSYLMK,HLA_A_11_01,-1,True
YTFTSLFSL,HLA_C_06_02,-1,True
YTFTSLFSL,HLA_C_14_02,-1,True
YTGAMTSKF,HLA_C_14_02,-1,True
YTIDLNDAF,HLA_C_12_03,-1,True
YTIDLNDAF,HLA_C_14_02,-1,True
YTIEGIAFM,HLA_C_03_03,-1,True
YTIEGIAFM,HLA_C_12_03,-1,True
YTIEGIAFM,HLA_C_14_02,-1,True
YTIERIFNA,HLA_A_02_01,-1,True
YTIGIGAFY,HLA_C_14_02,-1,True
YTISSESLV,HLA_A_68_02,-1,True
YTITSLFSL,HLA_C_14_02,-1,True
YTITVFLHL,HLA_A_68_02,0,False
YTIYGAWMF,HLA_C_14_02,-1,True
YTLNNGVAM,HLA_C_03_03,-1,True
YTLNNGVAM,HLA_C_14_02,-1,True
YTMADLVYA,HLA_A_68_02,-1,True
YTMDGEYRL,HLA_C_12_03,-1,True
YTMELCGAM,HLA_C_12_03,-1,True
YTNEIIGYK,HLA_A_03_01,-1,True
YTNEIIGYK,HLA_A_11_01,-1,True
YTNYPFLFF,HLA_C_03_03,-1,True
YTWNGTQWV,HLA_C_06_02,-1,True
YTYDRVDIY,HLA_A_11_01,-1,True
YTYGAGSYF,HLA_C_03_03,-1,True
YTYGAGSYF,HLA_C_06_02,-1,True
YTYPCIPEY,HLA_C_12_03,-1,True
YTYPIAHTA,HLA_C_12_03,-1,True
YTYSGLFCV,HLA_A_02_01,0,False
YTYSGLFCV,HLA_A_68_02,-1,True
YVFAIPLPF,HLA_C_14_02,-1,True
YVFCTVNAL,HLA_A_68_02,-1,True
YVFFEIIHF,HLA_B_15_01,-1,True
YVFTLLFQL,HLA_A_68_02,-1,True
YVFYDGPPF,HLA_C_03_03,-1,True
YVFYDGPPF,HLA_C_07_02,-1,True
YVGDTSMMV,HLA_A_68_02,-1,True
YVIEPAAGL,HLA_C_03_03,-1,True
YVIEPAAGL,HLA_C_12_03,-1,True
YVIKKSSPL,HLA_C_03_03,-1,True
YVIKKSSPL,HLA_C_14_02,-1,True
YVIRDLAAM,HLA_B_35_01,-1,True
YVIRDLAAM,HLA_C_12_03,-1,True
YVIRDLAAM,HLA_C_14_02,-1,True
YVLGIFLRK,HLA_A_03_01,-1,True
YVLGVFLRK,HLA_A_03_01,-1,True
YVLGVFLRK,HLA_A_11_01,-1,True
YVLNGYTEF,HLA_C_03_03,-1,True
YVMTMILFL,HLA_A_02_01,0,False
YVNAILYQI,HLA_A_68_02,-1,True
YVRTNGASY,HLA_C_14_02,-1,True
YVSSIFLHL,HLA_A_68_02,-1,True
YVTPRALEL,HLA_C_03_03,-1,True
YVWWAAVIY,HLA_C_12_03,-1,True
YVYFYDLSY,HLA_B_35_01,-1,True
YVYFYDLSY,HLA_C_14_02,-1,True
YVYPDNLPV,HLA_C_03_03,-1,True
YWMGGTTYF,HLA_C_14_02,-1,True
YYFSYPLFV,HLA_C_06_02,-1,True
YYFSYPLFV,HLA_C_14_02,-1,True
YYGRWVHEF,HLA_C_07_02,-1,True
YYGRWVHEF,HLA_C_14_02,-1,True
YYHDYFNLI,HLA_C_06_02,-1,True
YYKDDISYF,HLA_C_07_02,-1,True
YYKKTFSAL,HLA_C_14_02,-1,True
YYNAFQWAI,HLA_C_07_02,-1,True
YYSNKAYQY,HLA_C_07_02,-1,True
YYSNKVFPI,HLA_C_07_02,-1,True
YYWPRPRRY,HLA_C_06_02,-1,True
YYWPRPRRY,HLA_C_07_02,-1,True
YYWPRPRRY,HLA_C_12_03,-1,True
